English,Arabic
the,ال
of,ل
and,و
to,ل
in,في
for,ل
is,يكون
on,على
that,الذي - التي
by,بواسطة
this,هذا
with,مع
i,أنا
you,أنت
it,هو - هي
not,لا
or,أو
be,يكون
are,نكون
from,من
at,في
as,مثل
your,لك
all,الجميع
have,يملك
new,جديد
more,أكثر
an,و
was,كان
we,نحن
will,سوف
home,بيت
can,يستطيع
us,نحن
about,عن
if,لو
page,صفحة
my,لي
has,لديه
search,يبحث
free,حر
but,لكن
our,ملكنا
one,واحد
other,آخر
do,يفعل
no,لا
information,معلومة
time,وقت
they,هم
site,موقع
he,هو
up,أعلى
may,يمكن
what,ماذا
which,أيّ
their,هُم
news,أخبار
out,خارج
use,يستخدم
any,أي
there,هناك
see,يرى
only,فقط
so,لذا
his,له
when,متى
contact,اتصال
here,هنا
business,عمل
who,من
web,الويب
also,أيضًا
now,الآن
help,يساعد
get,يحصل
pm,مساءً
view,منظر
online,متصل
c,ج
e,ه
first,أولاً
am,أكون
been,كان
would,كان
how,كيف
were,كان
me,أنا
s,س
services,خدمات
some,بعض
these,هؤلاء
click,انقر
its,إنه
like,يحب
service,خدمة
x,x
than,من
find,يجد
price,سعر
date,تاريخ
back,خلف
top,قمة
people,الناس
had,ملك
list,قائمة
name,اسم
just,فقط
over,زيادة
state,ولاية
year,سنة
day,يوم
into,داخل
email,بريد إلكتروني
two,اثنين
health,صحة
n,ن
world,عالم
re,يكرر
next,التالي
used,مستخدم
go,يذهب
b,ب
work,عمل
last,آخر
most,معظم
products,منتجات
music,موسيقى
buy,يشتري
data,بيانات
make,يصنع
them,هم
should,يجب
product,منتج
system,نظام
post,بريد
her,ها
city,مدينة
t,ر
add,يضيف
policy,سياسة
number,رقم
such,هذه
please,لو سمحت
available,متاح
copyright,حقوق النشر
support,يدعم
message,رسالة
after,بعد
best,أفضل
software,برمجة
then,ثم
jan,يناير
good,جيد
video,فيديو
well,حسنًا
d,د
where,أين
info,معلومات
rights,حقوق
public,عام
books,كتب
high,عالي
school,مدرسة
through,خلال
m,م
each,كل
links,الروابط
she,هي
review,مراجعة
years,سنين
order,طلب
very,جداً
privacy,خصوصية
book,كتاب
items,أغراض
company,شركة
r,ص
read,يقرأ
group,مجموعة
sex,الجنس
need,يحتاج
many,كثير
user,مستخدم
said,قال
de,دي
does,يفعل
set,تعيين
under,تحت
general,عام
research,بحث
university,جامعة
january,يناير
mail,بريد
full,ممتلىء
map,خريطة
reviews,المراجعات
program,برنامج
life,حياة
know,يعرف
games,ألعاب
way,طريق
days,أيام
management,إدارة
p,ص
part,جزء
could,استطاع
great,عظيم
united,متحد
hotel,الفندق
real,حقيقي
f,F
item,غرض
international,دولي
center,مركز
ebay,موقع ئي باي
must,يجب
store,محل
travel,يسافر
comments,تعليقات
made,صنع
development,تطوير
report,تقرير
off,عن
member,عضو
details,تفاصيل
line,خط
terms,شروط
before,قبل
hotels,الفنادق
did,فعل
send,يرسل
right,يمين
type,يكتب
because,لأن
local,محلي
those,أولئك
using,استخدام
results,نتائج
office,مكتب
education,تعليم
national,وطني
car,سيارة
design,تصميم
take,يأخذ
posted,نشر
internet,إنترنت
address,عنوان
community,مجتمع
within,داخل
states,تنص على
area,منطقة
want,يريد
phone,هاتف
dvd,DVD
shipping,شحن
reserved,محجوز
subject,موضوع
between,بين
forum,المنتدى
family,عائلة
l,ل
long,طويل
based,قائم على
w,ث
code,شفرة
show,يعرض
o,س
even,حتى
black,أسود
check,يفحص
special,خاص
prices,الأسعار
website,موقع إلكتروني
index,فِهرِس
being,كون
women,نحيف
much,كثيراً
sign,لافتة
file,ملف
link,وصلة
open,يفتح
today,اليوم
technology,تكنولوجيا
south,جنوب
case,قضية
project,مشروع
same,نفس
pages,الصفحات
uk,المملكة المتحدة
version,إصدار
section,قسم
own,ملك
found,وجد
sports,رياضات
house,منزل
related,متعلق ب
security,حماية
both,كلاهما
g,ز
county,مقاطعة
american,أمريكي
photo,صورة
game,لعبة
members,أعضاء
power,قوة
while,بينما
care,رعاية
network,شبكة
down,تحت
computer,حاسوب
systems,الأنظمة
three,ثلاثة
total,المجموع
place,مكان
end,نهاية
following,التالي
download,تحميل
h,ح
him,له
without,بدون
per,لكل
access,وصول
think,يفكر
north,شمال
resources,موارد
current,حاضِر
posts,دعامات
big,كبير
media,وسائط
law,قانون
control,يتحكم
water,ماء
history,تاريخ
pictures,صور
size,مقاس
art,فن
personal,شخصي
since,منذ
including,مشتمل
guide,مرشد
shop,محل
directory,الدليل
board,سبورة
location,موقع
change,يتغير
white,أبيض
text,نص
small,صغير
rating,تقييم
rate,معدل
government,حكومة
children,أطفال
during,خلال
usa,الولايات المتحدة الأمريكية
return,يعود
students,طلاب
v,الخامس
shopping,التسوق
account,حساب
times,مرات
sites,المواقع
level,مستوى
digital,رقمي
profile,حساب تعريفي
previous,سابق
form,استمارة
events,الأحداث
love,حب
old,قديم
john,جون
main,رئيسي
call,يتصل
hours,ساعات
image,صورة
department,قسم
title,عنوان
description,وصف
non,عدم
k,ك
y,ذ
insurance,تأمين
another,آخر
why,لماذا
shall,سوف
property,ملكية
class,فصل
cd,قرص مضغوط
still,ما زال
money,مال
quality,جودة
every,كل
listing,قائمة
content,محتوى
country,دولة
private,خاص
little,قليل
visit,يزور
save,يحفظ
tools,أدوات
low,قليل
reply,رد
customer,عميل
december,ديسمبر
compare,يقارن
movies,أفلام
include,يشمل
college,كلية
value,قيمة
article,شرط
york,يورك
man,رجل
card,بطاقة
jobs,وظائف
provide,يمد
j,ي
food,طعام
source,مصدر
author,مؤلف
different,مختلف
press,يضعط
u,ش
learn,يتعلم
sale,أُوكَازيُون
around,حول
print,مطبعة
course,دورة
job,وظيفة
canada,كندا
process,عملية
teen,في سن المراهقة
room,غرفة
stock,مخزون
training,تمرين
too,أيضاً
credit,ائتمان
point,نقطة
join,ينضم
science,علوم
men,رجال
categories,فئات
advanced,متقدم
west,الغرب
sales,مبيعات
look,ينظر
english,إنجليزي
left,غادر
team,فريق
estate,ملكية
box,صندوق
conditions,شروط
select,يختار
windows,شبابيك
photos,الصور
gay,مثلي الجنس
thread,خيط
week,أسبوع
category,فئة
note,ملحوظة
live,يعيش
large,كبير
gallery,صالة عرض
table,طاولة
register,يسجل
however,لكن
june,يونيو
october,اكتوبر
november,شهر نوفمبر
market,سوق
library,مكتبة
really,حقًا
action,فعل
start,يبدأ
series,مسلسل
model,نموذج
features,سمات
air,هواء
industry,صناعة
plan,يخطط
human,بشر
provided,متاح
tv,تلفزيون
yes,نعم
required,مطلوب
second,ثانية
hot,حار
accessories,مُكَمِّلات
cost,يكلف
movie,فيلم
forums,المنتديات
march,يمشي
la,لا
september,سبتمبر
better,أحسن
say,يقول
questions,أسئلة
july,يوليو
yahoo,ياهو
going,ذاهب
medical,طبي
test,امتحان
friend,صديق
come,يأتي
dec,ديسمبر
server,الخادم
pc,الكمبيوتر
study,يذاكر
application,طلب
cart,عربة التسوق
staff,طاقم عمل
articles,مقالات
san,سان
feedback,تعليق
again,مرة أخرى
play,يلعب
looking,يبحث
issues,مشاكل
april,أبريل
never,أبداً
users,المستخدمون
complete,مكتمل
street,شارع
topic,عنوان
comment,تعليق
financial,مالي
things,أشياء
working,عمل
against,ضد
standard,معيار
tax,ضريبة
person,شخص
below,أقل
mobile,متحرك
less,أقل
got,يملك
blog,مدونة
party,حزب
payment,قسط
equipment,معدات
login,تسجيل الدخول
student,طالب
let,يترك
programs,البرامج
offers,عروض
legal,قانوني
above,فوق
recent,مؤخرًا
park,حديقة
stores,المتاجر
side,جانب
act,يمثل
problem,مشكلة
red,أحمر
give,يعطي
memory,ذاكرة
performance,أداء
social,اجتماعي
q,س
august,أغسطس
quote,يقتبس
language,لغة
story,قصة
sell,يبيع
options,خيارات
experience,خبرة
rates,معدلات
create,يخلق
key,مفتاح
body,جسم
young,شاب
america,أمريكا
important,مهم
field,مجال
few,عدد قليل
east,شرق
paper,ورق
single,أعزب
ii,الثاني
age,عمر
activities,أنشطة
club,النادي
example,مثال
girls,فتيات
additional,إضافي
password,كلمة المرور
z,ض
latest,أحدث
something,شئ ما
road,طريق
gift,هدية
question,سؤال
changes,التغييرات
night,ليلة
ca,كاليفورنيا
hard,صعب
texas,تكساس
oct,أكتوبر
pay,يدفع
four,أربعة
poker,البوكر
status,حالة
browse,تصفح
issue,مشكلة
range,يتراوح
building,مبنى
seller,تاجر
court,محكمة
february,شهر فبراير
always,دائماً
result,نتيجة
audio,صوتي
light,ضوء
write,يكتب
war,حرب
nov,نوفمبر
offer,يعرض
blue,أزرق
groups,مجموعات
al,آل
easy,سهل
given,منح
files,الملفات
event,حدث
release,يطلق
analysis,تحليل
request,طلب
fax,الفاكس
china,الصين
making,تحضير
picture,صورة
needs,الاحتياجات
possible,ممكن
might,قد
professional,احترافي
yet,حتى الآن
month,شهر
major,رئيسي
star,نجمة
areas,المناطق
future,مستقبل
space,فضاء
committee,لجنة
hand,يُسلِّم
sun,شمس
cards,البطاقات
problems,مشاكل
london,لندن
washington,واشنطن
meeting,مقابلة
rss,RSS
become,يصبح
interest,اهتمام
id,بطاقة تعريف
child,طفل
keep,يحفظ
enter,يدخل
california,كاليفورنيا
porn,إباحية
share,يشارك
similar,مشابه
garden,حديقة
schools,المدارس
million,مليون
added,وأضاف
reference,مرجع
companies,شركات
listed,مدرج
baby,طفل
learning,تعلُّم
energy,طاقة
run,يجري
delivery,توصيل
net,شبكة
popular,شائع
term,شرط
film,فيلم
stories,قصص
put,يضع
computers,أجهزة الكمبيوتر
journal,مجلة
reports,التقارير
co,شارك
try,يحاول
welcome,مرحباً
central,وسط
images,الصور
president,رئيس
notice,يلاحظ
god,إله
original,إبداعي
head,رأس
radio,مذياع
until,حتى
cell,خلية
color,لون
self,الذات
council,مجلس
away,بعيد
includes,يشمل
track,مسار
australia,أستراليا
discussion,مناقشة
archive,أرشيف
once,مرة واحدة
others,آحرون
entertainment,ترفيه
agreement,اتفاق
format,شكل
least,الأقل
society,مجتمع
months,شهور
log,سجل
safety,أمان
friends,أصدقاء
sure,بالتأكيد
faq,التعليمات
trade,تجارة
edition,الإصدار
cars,السيارات
messages,رسائل
marketing,تسويق
tell,يخبر
further,إضافي
updated,محدث
association,منظمة
able,قادر
having,نأخذ
provides,يوفر
david,ديفيد
fun,هزار
already,بالفعل
green,أخضر
studies,دراسات
close,يغلق
common,شائع
drive,يقود
specific,محدد
several,عديد
gold,ذهب
feb,فبراير
living,معيشة
sep,سبتمبر
collection,مجموعة
called,مُسَمًّى
short,قصير
arts,الفنون
lot,كثير
ask,بسأل
display,عرض
limited,محدود
powered,مدعوم
solutions,حلول
means,وسائل
director,مخرج
daily,يوميًا
beach,شاطئ
past,ماضي
natural,طبيعي
whether,سواء
due,حق
et,ET
electronics,الإلكترونيات
five,خمسة
upon,على
period,فترة
planning,تخطيط
database,قاعدة البيانات
says,يقول
official,رسمي
weather,طقس
mar,مارس
land,أرض
average,متوسط
done,منتهي
technical,اِصطِلاحِيّ
window,نافذة او شباك
france,فرنسا
pro,طليعة
region,منطقة
island,جزيرة
record,سِجِلّ
direct,مباشر
microsoft,مايكروسوفت
conference,مؤتمر
environment,بيئة
records,السجلات
st,شارع
district,يصرف
calendar,تقويم
costs,التكاليف
style,أسلوب
url,عنوان URL
front,أمام
statement,إفادة
update,تحديث
parts,القطع
aug,أغسطس
ever,أبدًا
downloads,التحميلات
early,مبكر
miles,اميال
sound,صوت
resource,مورد
present,حاضر
applications,التطبيقات
either,أيضاً
ago,منذ
document,وثيقة
word,كلمة
works,يعمل
material,مادة
bill,فاتورة
apr,أبريل
written,مكتوب
talk,يتحدث
federal,الفيدرالية
hosting,الاستضافة
rules,قواعد
final,أخير
adult,بالغ
tickets,التذاكر
thing,شيء
centre,مركز
requirements,متطلبات
via,عبر
cheap,رخيص
nude,ناقص
kids,أطفال
finance,تمويل
TRUE,حقيقي
minutes,دقائق
else,آخر
mark,علامة
third,ثالث
rock,صخر
gifts,الهدايا
europe,أوروبا
reading,قراءة
topics,المواضيع
bad,سيء
individual,فردي
tips,نصائح
plus,زائد
auto,آلي
cover,غطاء
usually,عادة
edit,يحرر
together,معاً
videos,أشرطة فيديو
percent,نسبه مئويه
fast,سريع
function,وظيفة
fact,حقيقة
unit,وحدة
getting,الحصول
global,عالمي
tech,تقنية
meet,يقابل
far,بعيد
economic,اقتصادي
en,en
player,لاعب
projects,المشاريع
lyrics,كلمات
often,غالباً
subscribe,يشترك
submit,يُقدِّم
germany,ألمانيا
amount,كمية
watch,يشاهد
included,وشملت
feel,يشعر
though,رغم ذلك
bank,بنك
risk,مخاطرة
thanks,شكرًا
everything,كل شئ
deals,صفقات
various,متنوع
words,كلمات
linux,Linux
jul,يوليو
production,إنتاج
commercial,تجاري
james,جوامع
weight,وزن
town,بلدة
heart,قلب
advertising,دعاية
received,تلقى
choose,يختار
treatment,علاج
newsletter,النشرة الإخبارية
archives,أرشيف
points,نقاط
knowledge,معرفة
magazine,مجلة
error,خطأ
camera,آلة تصوير
jun,يونيو
girl,بنت
currently,حالياً
construction,بناء
toys,ألعاب الأطفال
registered,مسجل
clear,واضح
golf,الجولف
receive,يستلم
domain,اِختِصاص
methods,طُرق
chapter,الفصل
makes,يصنع
protection,حماية
policies,سياسات
loan,يُقرض
wide,واسع
beauty,جمال
manager,مدير
india,الهند
position,موضع
taken,مأخوذ
sort,نوع
listings,القوائم
models,عارضات ازياء
michael,ميخائيل
known,معروف
half,نصف
cases,حالات
step,خطوة
engineering,هندسة
florida,فلوريدا
simple,بسيط
quick,سريع
none,لا أحد
wireless,لاسلكي
license,رخصة
paul,بول
friday,جمعة
lake,بحيرة
whole,جميع
annual,سنوي
published,نشرت
later,لاحقاً
basic,أساسي
sony,سوني
shows,عروض
corporate,شركة كبرى
google,جوجل
church,كنيسة
method,طريقة
purchase,شراء
customers,عملاء
active,نشيط
response,إجابة
practice,يمارس
hardware,المعدات
figure,شكل
materials,مواد
fire,نار
holiday,عطلة
chat,محادثة
enough,كافٍ
designed,مصمم
along,على امتداد
among,ضمن
death,موت
writing,كتابة
speed,سرعة
html,لغة البرمجة
countries,بلدان
loss,خسارة
face,وجه
brand,ماركة
discount,تخفيض
higher,أعلى
effects,تأثيرات
created,مخلوق
remember,يتذكر
standards,المعايير
oil,زيت
bit,قليل
yellow,أصفر
political,سياسي
increase,يزيد
advertise,يعلن
kingdom,مملكة
base,قاعدة
near,قريب
environmental,البيئة
thought,معتقد
stuff,أشياء
french,فرنسي
storage,تخزين
oh,أوه
japan,اليابان
doing,عمل
loans,القروض
shoes,أحذية
entry,دخول
stay,يقضي
nature,طبيعة
orders,طلبات
availability,توافر
africa,أفريقيا
summary,ملخص
turn,دور
mean,يقصد
growth,نمو
notes,ملحوظات
agency,وكالة
king,ملِك
monday,الاثنين
european,أوروبي
activity,نشاط
copy,ينسخ
although,بالرغم من
drug,دواء
pics,صور
western,الغربي
income,دخل
force,قوة
cash,نقدي
employment,توظيف
overall,إجمالي
bay,خليج
river,نهر
commission,عمولة
ad,إعلان
package,طَرد
contents,محتويات
seen,مرئي
players,اللاعبون
engine,محرك
port,ميناء
album,الألبوم
regional,إقليمية
stop,قف
supplies,لوازم
started,بدأت
administration,إدارة
bar,حاجِز
institute,معهد
views,الآراء
plans,خطط
double,مزدوج
dog,كلب
build,يبني
screen,شاشة
exchange,تبادل
types,الأنواع
soon,قريباً
sponsored,برعاية
lines,خطوط
electronic,إلكتروني
continue,يكمل
across,عير
benefits,فوائد
needed,ضروري
season,موسم
apply,يتقدم
someone,شخص ما
held,محتجز
ny,نيويورك
anything,أي شئ
printer,طابعة
condition,حالة
effective,فعال
believe,يعتقد
organization,منظمة
effect,تأثير
asked,طلبت
eur,يورو
mind,عقل
sunday,الأحد
selection,اختيار
casino,كازينو
pdf,بي دي إف
lost,ضائع
tour,رحلة
menu,قائمة طعام
volume,مقدار
cross,يعبر
anyone,أي واحد
mortgage,القرض العقاري
hope,يأمل
silver,فضة
corporation,مؤسَّسة
wish,يتمنى
inside,داخل
solution,حل
mature,ناضجة
role,دور
rather,بدلاً
weeks,أسابيع
addition,إضافة
came,أتى
supply,إمداد
nothing,لا شئ
certain,تأكيد
usr,USR
executive,تنفيذي
running,جري
lower,أدنى
necessary,ضروري
union,اتحاد
jewelry,مجوهرات
according,حسب
dc,العاصمة
clothing,ملابس
mon,الاثنين
com,كوم
particular,خاص
fine,بخير
names,أسماء
robert,روبرت
homepage,الصفحة الرئيسية
hour,ساعة
gas,غاز
skills,مهارات
six,ستة
bush,شجيرة
islands,جزر
advice,نصيحة
career,حياة مهنية
military,جيش
rental,تأجير
decision,قرار
leave,يترك
british,بريطاني
teens,مراهقون
pre,قبل
huge,ضخم
sat,قعد
woman,امرأة
facilities,مرافق
zip,أَزِيز
bid,مُنَاقَصَة
kind,عطوف
sellers,البائعون
middle,وسط
move,يتحرك
cable,كابل
opportunities,فرص
taking,مع الأخذ
values,قيم
division,قسم
coming,آت
tuesday,يوم الثلاثاء
object,هدف
lesbian,مثليه
appropriate,ملائم
machine,آلة
logo,شعار
length,طول
actually,في الحقيقة
nice,لطيف - جيد
score,نتيجة
statistics,إحصائيات
client,عميل
ok,نعم
returns,عائدات
capital,عاصمة
follow,يتبع
sample,عينة
investment,استثمار
sent,مرسل
shown,يظهر
saturday,السبت
christmas,عيد الميلاد
england,إنكلترا
culture,ثقافة
band,فرقة
flash,فلاش
ms,آنسة
lead,يقود
george,جورج
choice,خيار
went,ذهب
starting,ابتداء
registration,تسجيل
fri,الجمعة
thursday,يوم الخميس
courses,الدورات
consumer,مستهلك
hi,أهلاً
airport,مطار
foreign,أجنبي
artist,فنان
outside,الخارج
furniture,أثاث
levels,مستويات
channel,قناة
letter,خطاب
mode,وضع
phones,الهواتف
ideas,الأفكار
wednesday,الأربعاء
structure,بناء
fund,تمويل
summer,صيف
allow,يسمح
degree,درجة
contract,عقد
button,زر
releases,إطلاق
wed,تزوج
homes,دور
super,ممتاز
male,ذكر
matter,موضوع
custom,مخصص
virginia,فرجينيا
almost,بالكاد
took,أخذ
located,تقع
multiple,عديد
asian,آسيوي
distribution,توزيع
editor,محرر
inn,ُخمارة
industrial,صناعي
cause,سبب
potential,محتمل
song,أغنية
cnet,CNET
ltd,المحدودة
los,لوس
hp,HP
focus,ركز
late,متأخر
fall,يسقط
featured,متميز
idea,فكرة
rooms,غرف
female,أنثى
responsible,مسؤول
inc,شركة
communications,مجال الاتصالات
win,يفوز
associated,مرتبط
thomas,توماس
primary,أساسي
cancer,سرطان
numbers,أعداد
reason,سبب
tool,أداة
browser,متصفح
spring,ربيع
foundation,مؤسسة
answer,إجابة
voice,صوت
eg,على سبيل المثال
friendly,ودي
schedule,جدول
documents,وثائق
communication,تواصل
purpose,غاية
feature,ميزة
bed,سرير
comes,يأتي
police,شرطة
everyone,الجميع
independent,مستقل
ip,IP
approach,يقترب
cameras,كاميرات
brown,بني
physical,بدني
operating,التشغيل
hill,تلة
maps,خرائط
medicine,الدواء
deal,اتفاق
hold,يمسك
ratings,تقييمات
chicago,شيكاغو
forms,نماذج
glass,زجاج
happy,سعيد
tue,الثلاثاء
smith,حداد
wanted,مطلوب
developed,متطور
thank,شكر
safe,آمن
unique,فريد
survey,استطلاع
prior,قبل
telephone,هاتف
sport,رياضة
ready,مستعد
feed,يٌطعم
animal,حيوان
sources,مصادر
mexico,المكسيك
population,سكان
pa,السلطة الفلسطينية
regular,عادي
secure,يؤمن
navigation,ملاحة
operations,عمليات
therefore,لذلك
simply,ببساطة
evidence,شهادة
station,محطة
christian,مسيحي
round,دائري
paypal,PayPal
favorite,مفضل
understand,يفهم
option,خيار
master,يتقن
valley,الوادي
recently,حديثاً
probably,من المحتمل
thu,الخميس
rentals,الإيجارات
sea,بحر
built,مبني
publications,المنشورات
blood,دم
cut,يقطع
worldwide,في جميع أنحاء العالم
improve,يحسن
connection,اتصال
publisher,الناشر
hall,قاعة
larger,أكبر
anti,مضاد
networks,الشبكات
earth,أرض
parents,آباء
nokia,نوكيا
impact,تأثير
transfer,تحويل
introduction,مقدمة
kitchen,مطبخ
strong,قوي
tel,هاتف
carolina,كارولينا
wedding,قِرَان
properties,ملكيات
hospital,مستشفى
ground,أرضي
overview,ملخص
ship,سفينة
accommodation,إقامة
owners,المالكين
disease,مرض
tx,تكساس
excellent,ممتاز
paid,مدفوع
italy,إيطاليا
perfect,ممتاز
hair,شعر
opportunity,فرصة
kit,عدة
classic,كلاسيكي
basis,أساس
command,يأمر
cities,مدن
william,وليام
express,يعبر
anal,شرجي
award,جائزة
distance,مسافة
tree,شجرة
peter,نفذ
assessment,تقدير
ensure,يضمن
thus,هكذا
wall,حائط
ie,أي
involved,متضمن
el,el
extra,إضافي
especially,خصوصاً
interface,واجهه المستخدم
pussy,كس
partners,الشركاء
budget,ميزانية
rated,تقييم
guides,خطوط إرشاد
success,نجاح
maximum,أقصى
ma,م
operation,عملية
existing,موجود
quite,تمامًا
selected,المحدد
boy,ولد
amazon,أمازون
patients,مرضى
restaurants,المطاعم
beautiful,جميل
warning,تحذير
wine,خمر
locations,المواقع
horse,حصان
vote,تصويت
forward,إلى الأمام
flowers,زهور
stars,النجوم
significant,بارِز
lists,قوائم
technologies,التقنيات
owner,مالك
retail,بيع بالتجزئة
animals,الحيوانات
useful,مفيد
directly,مباشرة
manufacturer,الصانع
ways,طرق
est,EST
son,ابن
providing,توفير
rule,قاعدة
mac,ماك
housing,السكن
takes,يأخذ
iii,ثالثا
gmt,بتوقيت غرينيتش
bring,يحضر
catalog,فهرس
searches,عمليات البحث
max,الأعلى
trying,محاولة
mother,الأم
authority,سلطة
considered,يعتبر
told,أخبر
xml,XML
traffic,مرور
programme,برنامج
joined,انضم
input,مدخل
strategy,إستراتيجية
feet,قدم
agent,عامل
valid,صالح
bin,سلة مهملات
modern,حديث
senior,كبير
ireland,أيرلندا
teaching,تعليم
door,باب
grand,كبير
testing,اختبارات
trial,محاكمة
charge,تكلفة
units,الوحدات
instead,بدلاً من
canadian,كندي
cool,رائع
normal,طبيعي
wrote,كتب
enterprise,مَشرُوع
ships,السفن
entire,كامل
educational,تعليمية
md,MD
leading,قيادة
metal,معدن
positive,إيجابي
fl,فلوريدا
fitness,لياقة بدنية
chinese,صينى
opinion,رأي
mb,ميغابايت
asia,آسيا
football,كرة القدم
abstract,خلاصة
uses,الاستخدامات
output,انتاج
funds,أموال
mr,السيد
greater,أكبر
likely,محتمل
develop,يطور
employees,موظفين
artists,الفنانين
alternative,بديل
processing,يعالج
responsibility,مسؤولية
resolution,دقة
java,جافا
guest,ضيف
seems,يبدو
publication,النشر
pass,يمر
relations,علاقات
trust,يثق
van,سيارة نقل
contains,يتضمن
session,حصة
multi,متعدد
photography,التصوير
republic,جمهورية
fees,مصاريف
components,عناصر
vacation,أجازة
century,قرن
academic,أكاديمي
assistance,مساعدة
completed,مكتمل
skin,جلد
graphics,الرسومات
indian,الهندي
prev,السابق
ads,إعلانات
mary,ماري
il,انا
expected,مُتوقع
ring,جرس
grade,درجة
dating,مواعدة
pacific,المحيط الهادئ
mountain,جبل
organizations,المنظمات
pop,البوب
filter,منقي
mailing,المراسلات
vehicle,عربة
longer,طويل
consider,يعتبر
int,int
northern,شمالي
behind,خلف
panel,لوحة
floor,أرضية
german,ألمانية
buying,الشراء
match,مباراة
proposed,مقترح
default,تقصير
require,يتطلب
iraq,العراق
boys,أولاد
outdoor,في الخارج
deep,عميق
morning,صباح
otherwise,خلاف ذلك
allows,يسمح
rest,استراحة
protein,بروتين
plant,نبات
reported,ذكرت
hit,يضرب
transportation,مواصلات
mm,مم
pool,حمام سباحة
mini,ميني
politics,سياسة
partner,شريك
disclaimer,تنصل
authors,المؤلفون
boards,المجالس
faculty,كلية
parties,حفلات
fish,سمكة
membership,عضوية
mission,مهمة
eye,عين
string,خيط
sense,حاسة
modified,معدل
pack,علية
released,مطلق سراحه
stage,منصة
internal,داخلي
goods,بضائع
recommended,مُستَحسَن
born,وُلِدّ
unless,إلا إذا
richard,ريتشارد
detailed,مفصلة
japanese,اليابانية
race,سباق
approved,موافقة
background,خلفية
target,هدف
except,يستثني
character,شخصية
maintenance,صيانة
ability,قدرة
maybe,ربما
functions,المهام
ed,إد
moving,متحرك
brands,العلامات التجارية
places,أماكن
php,بي أتش بي
pretty,جميل
trademarks,علامات تجارية
phentermine,فينترمين
spain,إسبانيا
southern,الجنوب
yourself,نفسك
etc,إلخ
winter,شتاء
rape,اغتصاب
battery,بطارية
youth,شباب
pressure,ضغط
submitted,مُقَدَّم
boston,بوسطن
incest,سفاح القربى
debt,دَين
keywords,الكلمات الدالة
medium,واسطة
television,التلفاز
interested,مهتم
core,جوهر
break,استراحة
purposes,المقاصد
throughout,طَوَال
sets,مجموعات
dance,الرقص
wood,خشب
msn,MSN
itself,بحد ذاتها
defined,مُعرف
papers,أوراق
playing,تلعب
awards,جوائز
fee,مصاريف
studio,الاستوديو
reader,قارئ
virtual,افتراضي
device,جهاز
established,مقرر
answers,إجابات
rent,إيجار
las,لاس
remote,بعيد
dark,مظلم
programming,برمجة
external,خارجي
apple,تفاحة
le,لو
regarding,متعلق
instructions,تعليمات
min,دقيقة
offered,تقدم
theory,نظرية
enjoy,يتمتع
remove,يزيل
aid,يساعد
surface,سطح
minimum,الحد الأدنى
visual,مرئي
host,يستضيف
variety,متنوع
teachers,معلمون
isbn,ISBN
martin,مارتن
manual,يدوي
block,حاجز
subjects,المواضيع
agents,عملاء
increased,زيادة
repair,بصلح
fair,عدل
civil,مدني
steel,فُولاَذ
understanding,فهم
songs,الأغاني
fixed,مُثَبَّت
wrong,خطأ
beginning,بداية
hands,اليدين
associates,المرتبطين
finally,أخيراً
az,AZ
updates,التحديثات
desktop,سطح المكتب
classes,الطبقات
paris,باريس
ohio,أوهايو
gets,يحصل على
sector,قطاع
capacity,سعة
requires,يتطلب
jersey,جيرسي
un,الأمم المتحدة
fat,سمين
fully,تماما
father,أب
electric,كهربائي
saw,رأى
instruments,الادوات
quotes,يقتبس
officer,ضابط
driver,سائق
businesses,الأعمال
dead,ميت
respect,احترام
unknown,مجهول
specified,محدد
restaurant,مطعم
mike,مايك
trip,رحلة
pst,PST
worth,يستحق
mi,مي
procedures,إجراءات
poor,فقير
teacher,مدرس
xxx,xxx
eyes,عيون
relationship,علاقة
workers,عمال
farm,مزرعة
georgia,جورجيا
peace,سلام
traditional,تقليدي
campus,حرم الجامعة
tom,توم
showing,تظهر
creative,مبدع
coast,ساحل
benefit,فائدة
progress,تقدم
funding,التمويل
devices,الأجهزة
lord,رب
grant,منحة
sub,الفرعية
agree,يوافق
fiction,خيالي
hear,يسمع
sometimes,أحيانا
watches,ساعات
careers,وظائف
beyond,وَرَاءَ
goes,يذهب
families,العائلات
led,قاد
museum,متحف
themselves,أنفسهم
fan,معجب
transport,ينقل
interesting,مثير للاهتمام
blogs,المدونات
wife,زوجة
evaluation,تقييم
accepted,قبلت
former,سابق
implementation,تطبيق
ten,عشرة
hits,يضرب
zone,منطقة
complex,معقد
th,ذ
cat,قطة
galleries,صالات العرض
references,مراجع
die,موت
presented,قدم
jack,جاك
flat,مستوي
flow,تدفق
agencies,وكالات
literature,الأدب
respective,خاص به
parent,الأبوين
spanish,الأسبانية
michigan,ميشيغان
columbia,كولومبيا
setting,جلسة
dr,دكتور
scale,حجم
stand,يقف
economy,اقتصاد
highest,أعلى
helpful,متعاون
monthly,شهريا
critical,شديد الأهمية
frame,إطار
musical,موسيقي
definition,تعريف
secretary,سكرتير
angeles,أنجلوس
networking,الشبكات
path,طريق
australian,أسترالي
employee,موظف
chief,رئيس
gives,يعطي
kb,كيلو بايت
bottom,قاع
magazines,المجلات
packages,حزم
detail,التفاصيل
francisco,فرانسيسكو
laws,قوانين
changed,تغير
pet,حيوان أليف
heard,سمع
begin,يبدأ
individuals,فرادى
colorado,كولورادو
royal,الملكي
clean,ينظف
switch,يُحوّل
russian,الروسية
largest,أكبر
african,الأفريقي
guy,رجل
titles,الألقاب
relevant,مناسب
guidelines,القواعد الارشادية
justice,عدالة
connect,يتصل
bible,الكتاب المقدس
dev,ديف
cup,كوب
basket,سلة
applied,مُطبَّق
weekly,أسبوعي
vol,المجلد
installation,تثبيت
described,موصوفة
demand,يطلب
pp,ص
suite,جناح
vegas,فيغاس
na,نا
square,مربع
chris,كريس
attention,انتباه
advance,يتقدم
skip,يتخطى
diet,نظام عذائي
army,جيش
auction,مزاد علني
gear,هيأ
lee,لي
os,نظام التشغيل
difference,اختلاف
allowed,مسموح
correct,صحيح
charles,تشارلز
nation,أمة
selling,يبيع
lots,الكثير
piece,قطعة
sheet,ملزمة
firm,حازم
seven,سبعة
older,اكبر سنا
illinois,إلينوي
regulations,أنظمة
elements,عناصر
species,صِنف
jump,القفز
cells,الخلايا
module,وحدة
resort,ملجأ
facility,منشأة
random,عشوائي
pricing,التسعير
dvds,أقراص DVD
certificate,شهادة
minister,وزير
motion,حركة
looks,تبدو
fashion,موضة
directions,الاتجاهات
visitors,الزائرين
documentation,توثيق
monitor,شاشة
trading,تجارة
forest,غابة
calls,المكالمات
whose,لمن
coverage,تغطية
couple,زوج
giving,إعطاء
chance,فرصة
vision,رؤية
ball,كرة
ending,النهاية
clients,العملاء
actions,أجراءات
listen,يستمع
discuss,يناقش
accept,يقبل
automotive,السيارات
naked,عارية
goal,هدف
successful,ناجح
sold,مُباع
wind,رياح
communities,مجتمعات
clinical,مرضي
situation,الموقف
sciences,علوم
markets,الأسواق
lowest,أدنى
highly,بشدة
publishing,نشر
appear,يظهر
emergency,طارئ
developing,النامية
lives,الأرواح
currency,عملة
leather,جلد
determine,يحدد
milf,جبهة مورو
temperature,درجة حرارة
palm,نخل
announcements,الإعلانات
patient,مريض
actual,فِعلي
historical,تاريخي
stone,حجر
commerce,تجارة
ringtones,نغمات
perhaps,ربما
persons,الأشخاص
difficult,صعب
scientific,علمي
satellite,الأقمار الصناعية
fit,ملائم
tests,الاختبارات
village,قرية
accounts,حسابات
amateur,الهواة
ex,السابق
met,التقى
pain,ألم
xbox,Xbox
particularly,خصوصًا
factors,عوامل
coffee,قهوة
www,www
settings,إعدادات
cum,النُطَف المَنَويّة
buyer,مشتر
cultural,ثقافي
steve,ستيف
easily,بسهولة
oral,شفوي
ford,معقل
poster,ملصق
edge,حافة
functional,وظيفي
root,جذر
au,الاتحاد الافريقي
fi,Fi
closed,مغلق
holidays,العطلات
ice,جليد
pink,لون القرنفل
zealand,Zealand
balance,توازن
monitoring,يراقب
graduate,متخرج
replies,الردود
shot,طلقة
nc,NC
architecture,بنيان
initial,أولي
label,ملصق
thinking,التفكير
scott,سكوت
llc,LLC
sec,ثانية
recommend,يوصي
canon,الكنسي
hardcore,المتشددين
league,الدوري
waste,يضيع
minute,دقيقة
bus,حافلة
provider,مزود
optional,خياري
dictionary,قاموس
cold,بارد
accounting,محاسبة
manufacturing,تصنيع
sections,أقسام
chair,كرسي
fishing,صيد السمك
effort,جهد
phase,مرحلة
fields,مجالات
bag,شنطة
fantasy,خيالي
po,بو
letters,حروف
motor,محرك
va,فرجينيا
professor,أستاذ
context,سياق
install,ثَبَّتَ
shirt,قميص
apparel,ثياب
generally,عمومًا
continued,واصلت
foot,قدم
mass,كتلة
crime,جريمة
count,عدد
breast,صدر
techniques,التقنيات
ibm,IBM
rd,بحث وتطوير
johnson,جونسون
sc,SC
quickly,بسرعة
dollars,دولارات
websites,مواقع الويب
religion,دِين
claim,مطالبة
driving,القيادة
permission,إذن
surgery,جراحة
patch,رقعة
heat,حرارة
wild,بري
measures,مقاسات
generation,جيل
kansas,كانساس
miss,يفتقد
chemical,المواد الكيميائية
doctor,طبيب
task,مهمة
reduce,يقلل
brought,أحضر
himself,نفسه
nor,ولا
component,عنصر
enable,يُمكَِن
exercise,يمارس
bug,حشرة
santa,سانتا
mid,منتصف
guarantee,يضمن
leader,قائد
diamond,الماس
se,SE
processes,العمليات
soft,ناعم
servers,الخوادم
alone,وحيد
meetings,الاجتماعات
seconds,ثوان
jones,جونز
arizona,أريزونا
keyword,الكلمة الرئيسية
interests,الإهتمامات
flight,رحلة جوية
congress,الكونغرس
fuel,وقود
username,اسم المستخدم
walk,يمشي
produced,أنتجت
italian,إيطالي
paperback,غلاف عادي
classifieds,التصنيف
wait,انتظر
supported,أيد
pocket,جيب
saint,القديس
rose,وَردَة
freedom,حرية
argument,دعوى
competition,مسابقة
creating,خلق
jim,جيم
drugs,المخدرات
joint,مشترك
premium,غالي
providers,مقدمي الخدمات
fresh,طازج
characters,الشخصيات
attorney,محامي
upgrade,يرقي
di,دي
factor,عامل
growing,النمو
thousands,الآلاف
km,كم
stream,تدفق
apartments,شقق سكنية
pick,يختار
hearing,سمع
eastern,الشرقية
auctions,المزادات
therapy,مُعَالَجَة
entries,إدخالات
dates,بلح
generated,ولدت
signed,وقعت
upper,العلوي
administrative,إداري
serious,جاد
prime,برايم
samsung,سامسونج
limit,حد
began,بدأ
louis,لويس
steps,خطوات
errors,الأخطاء
shops,محلات
bondage,عبودية
del,ديل
efforts,جهود
informed,أُبلغ
ga,جا
ac,AC
thoughts,أفكار
creek,جدول
ft,قدم
worked,عمل
quantity,كمية
urban,حضري
practices,الممارسات
sorted,مرتبة
reporting,الإبلاغ
essential,ضروري
myself,نفسي
tours,جولات
platform,منصة
load,حمولة
affiliate,تابعة
labor,تَعَب
immediately,في الحال
admin,مسؤل
nursing,التمريض
defense,دفاع
machines,الآلات
designated,معين
tags,العلامات
heavy,ثقيل
covered,مغطى
recovery,استعادة
joe,جو
guys,شباب
integrated,مدمج
configuration,إعدادات
cock,الديك
merchant,تاجر
comprehensive,شامل
expert,خبير
universal,عالمي
protect,يحمي
drop,يسقط
solid,صلب
cds,أقراص مضغوطة
presentation,عرض تقديمي
languages,اللغات
became,أصبح
orange,البرتقالي
compliance,امتثال
vehicles,مركبات
prevent,يمنع
theme,سمة
rich,ثري
im,أنا
campaign,حملة
marine,البحرية
improvement,تحسين
vs,ضد
guitar,غيتار
finding,العثور على
pennsylvania,بنسلفانيا
examples,أمثلة
ipod,iPod
saying,القول
spirit,روح
ar,AR
claims,المطالبات
porno,الإباحية
challenge,تحدي
motorola,موتورولا
acceptance,قبول
strategies,الاستراتيجيات
mo,شهر
seem,يبدو
affairs,أمور
touch,يلمس
intended,منوي
towards,تجاه
sa,سا
goals,الأهداف
hire,يؤجر
election,انتخاب
suggest,يقترح
branch,فرع
charges,رسوم
serve,يخدم
affiliates,الشركات التابعة
reasons,أسباب
magic,سحر
mount,تتعدد
smart,ذكي
talking,تتحدث
gave,أعطى
ones,تلك
latin,اللاتينية
multimedia,الوسائط المتعددة
xp,XP
tits,الثدي
avoid,يتجنب
certified,معتمد
manage,يدير
corner,ركن
rank,رتبة
computing,الحوسبة
oregon,أوريغون
element,عنصر
birth,ولادة
virus,فايروس
abuse,إساءة
interactive,تفاعلي
requests,الطلبات
separate,متفرق
quarter,ربع
procedure,إجراء
leadership,قيادة
tables,الجداول
define,يُعرِّف
racing,سباق
religious,ديني
facts,حقائق
breakfast,إفطار
kong,كونغ
column,عمود
plants,النباتات
faith,إيمان
chain,سلسلة
developer,مطور
identify,تعريف
avenue,شارع
missing,مفتقد
died,مات
approximately,تقريبًا
domestic,محلي
sitemap,خريطة sitemap
recommendations,التوصيات
moved,انتقل
houston,هيوستن
reach,يصل
comparison,مقارنة
mental,عقلي
viewed,تم عرضه
moment,لحظة
extended,ممتد
sequence,تسلسل
inch,بوصة
attack,هجوم
sorry,آسف
centers,المراكز
opening,افتتاح
damage,ضرر
lab,مختبر
reserve,احتياطي
recipes,وصفات
cvs,CVS
gamma,جاما
plastic,بلاستيك
produce,ينتج
snow,الثلج
placed,وضعت
truth,حقيقة
counter,عداد
failure,فشل
follows,يتبع
eu,الاتحاد الأوروبي
weekend,عطلة نهاية الاسبوع
dollar,دولار
camp,معسكر
ontario,أونتاريو
automatically,تلقائيا
des,des
minnesota,مينيسوتا
films,أفلام
bridge,كوبري
native,محلي
fill,يملأ
williams,وليامز
movement,حركة
printing,الطباعة
baseball,البيسبول
owned,مملوكة
approval,موافقة
draft,مسودة
chart,جدول
played,لعب
contacts,جهات الاتصال
cc,نسخة
readers,القراء
clubs,الأندية
lcd,شاشة LCD
wa,وا
jackson,جاكسون
equal,متساوي
adventure,مفامرة
matching,مطابقة
offering,عرض
shirts,قمصان
profit,ربح
leaders,القادة
posters,الملصقات
institutions,المؤسسات
assistant,مساعد
variable,عامل
ave,افي
dj,دي جي
advertisement,إعلان
expect,يتوقع
parking,موقف سيارات
headlines,عناوين
yesterday,أمس
compared,مقارنة
determined,عازم
wholesale,بالجملة
workshop,ورشة عمل
russia,روسيا
gone,ذهب
codes,الرموز
kinds,أنواع
extension,امتداد
seattle,سياتل
statements,صياغات
golden,ذهبي
completely,بالكامل
teams,فرق
fort,الحصن
cm,سم
wi,وي
lighting,إضاءة
senate,مجلس الشيوخ
forces,القوات
funny,مضحك
brother,أخ
gene,الجين
turned,تحولت
portable,محمول
tried,حاول
electrical,الكهرباء
applicable,ملائم
disc,القرص
returned,عاد
pattern,نمط
ct,CT
hentai,هنتاي
boat,قارب
named,اسم الشيئ
theatre,مسرح
laser,الليزر
earlier,سابقًا
manufacturers,الشركات المصنعة
sponsor,راعي
classical,كلاسيكي
icon,أيقونة
warranty,ضمان
dedicated,مخلص
indiana,إنديانا
direction,اتجاه
harry,هاري
basketball,كرة سلة
objects,أشياء
ends,ينتهي
delete,يمسح
evening,مساء
assembly,حَشد
nuclear,نووي
taxes,الضرائب
mouse,الفأر
signal,الإشارة
criminal,مجرم
issued,صادر
brain,مخ
wisconsin,ويسكونسن
powerful,قوي
dream,حلم
obtained,مُقتَنىً
FALSE,خطأ شنيع
da,دا
cast,يقذف
flower,ورد
felt,شعر
personnel,شؤون الموظفين
passed,اجتاز
supplied,زودت
identified,تم تحديدها
falls,السقوط
pic,صورة
soul,روح
aids,الإيدز
opinions,آراء
promote,يرقي
stated,معلن
stats,الإحصائيات
hawaii,هاواي
professionals,المهنيين
appears,يبدو
carry,يحمل
flag,علَم
decided,مقرر
nj,نيوجيرسي
covers,أغلفة
hr,HR
em,م
advantage,ميزة
hello,مرحبًا
designs,تصميمات
maintain,يحافظ على
tourism,السياحة
priority,أولوية
newsletters,النشرات الإخبارية
adults,الكبار
clips,دبابيس
savings,مدخرات
iv,رابعا
graphic,رسم بياني
atom,ذرة
payments,المدفوعات
rw,RW
estimated,مُقدَّر
binding,ربط
brief,مختصر
ended,انتهى
winning,الفوز
eight,ثمانية
anonymous,مجهول
iron,حديد
straight,مستقيم
script,النصي
served,خدم
wants,يريد
miscellaneous,متنوع
prepared,مُعد
void,فارغ
dining,تناول الطعام
alert,يُحذًِر
integration,اندماج
atlanta,أتلانتا
dakota,داكوتا
tag,بطاقة شعار
interview,مقابلة
mix,مزج
framework,نطاق
disk,القرص
installed,المثبتة
queen,ملكة
vhs,VHS
credits,الاعتمادات
clearly,بوضوح
fix,يصلح
handle,مقبض
sweet,حلو
desk,مكتب
criteria,معايير
pubmed,PubMed
dave,ديف
massachusetts,ماساتشوستس
diego,دييغو
hong,هونغ
vice,نائب
associate,شريك
ne,NE
truck,شاحنة
behavior,سلوك
enlarge,تكبير
ray,شعاع
frequently,مرارًا
revenue,ربح
measure,يقيس
changing,التغيير
votes,أصوات
du,دو
duty,واجب
looked,نظرت
discussions,مناقشات
bear,دُبٌّ
gain,يكسب
festival,مهرجان
laboratory,معمل
ocean,محيط
flights,رحلات
experts,الخبراء
signs,علامات
lack,نقص
depth,عمق
iowa,أيوا
whatever,أيا كان
logged,سجلت
laptop,حاسوب محمول
vintage,كلاسيكي
train,يدرب
exactly,بالضبط
dry,جاف
explore,يستكشف
maryland,ماريلاند
spa,منتجع صحي
concept,مفهوم
nearly,تقريبا
eligible,صالح
checkout,الدفع
reality,الواقع
forgot,نسيت
handling,معالجة
origin,أصل
knew,عرف
gaming,الألعاب
feeds,تغذية
billion,مليار
destination,وجهة
scotland,اسكتلندا
faster,أسرع
intelligence,ذكاء
dallas,دالاس
bought,مُشترى
con,يخدع
ups,يو بي إس
nations,الأمم
route,طريق
followed,يتبع
specifications,تحديد
broken,مكسور
tripadvisor,TripAdvisor
frank,صريح
alaska,ألاسكا
zoom,تكبير
blow,ينفخ
battle,معركة
residential,سكني
anime,أنيمي
speak,يتكلم
decisions,قرارات
industries,الصناعات
protocol,بروتوكول
query,استفسار
clip,مقطع
partnership,شراكة
editorial,افتتاحية
nt,nt
expression,تعبير
es,ES
equity,عدالة
provisions,أحكام
speech,خطاب
wire,الأسلاك
principles,مبادئ
suggestions,اقتراحات
rural,ريفي
shared,مشترك
sounds,اصوات
replacement,إستبدال
tape,شريط
strategic,استراتيجية
judge,يحكم على
spam,رسائل إلكترونية مزعجة
economics,اقتصاديات
acid,حامض
bytes,بايت
cent,سنت
forced,قسري
compatible,متناسق
fight,يعارك
apartment,شقة
height,ارتفاع
null,باطل
zero,صفر
speaker,مكبر الصوت
filed,قدم
gb,غيغابايت
netherlands,هولندا
obtain,يحصل على
bc,قبل الميلاد
consulting,مستشار
recreation,استجمام
offices,المكاتب
designer,مصمم
remain,يبقى
managed,تدار
pr,العلاقات العامة
failed,فشل
marriage,زواج
roll,لفافة
korea,كوريا
banks,البنوك
fr,الاب
participants,مشاركون
secret,سر
bath,حمام
aa,AA
kelly,كيلي
leads,يؤدي
negative,سلبي
austin,أوستين
favorites,المفضلة
toronto,تورونتو
theater,مسرح
springs,الينابيع
missouri,ميسوري
andrew,أندرو
var,var
perform,يؤدي
healthy,صحيح
translation,ترجمة
estimates,التقديرات
font,الخط
assets,أصول
injury,إصابة
mt,MT
joseph,جوزيف
ministry,وزارة
drivers,السائقين
lawyer,محامي
figures,الأرقام
married,متزوج
protected,محمي
proposal,عرض
sharing,مشاركة
philadelphia,فيلادلفيا
portal,منفذ
waiting,منتظر
birthday,عيد ميلاد
beta,بيتا
fail,يفشل
gratis,مجبر
banking,الخدمات المصرفية
officials,المسؤولون
brian,براين
toward,باتجاه
won,فاز
slightly,طفيف
assist,يساعد
conduct,سلوك
contained,يتضمن
lingerie,الملابس الداخلية
shemale,الخنزير
legislation,تشريع
calling,الدعوة
parameters,حدود
jazz,موسيقى الجاز
serving,خدمة
bags,أكياس
profiles,مظهر
miami,ميامي
comics,كاريكاتير
matters,القضايا
houses,المنازل
doc,مستند
postal,بريدي
relationships,العلاقات
tennessee,تينيسي
wear,يرتدي
controls,ضوابط
breaking,كسر
combined,مجموع
ultimate,ذروة
wales,ويلز
representative,ممثل
frequency,تكرار
introduced,قدَّم
minor,صغير
finish,ينهي
departments,الإدارات
residents,السكان
noted,ذُكر
displayed,عرض
mom,أم
reduced,مخفض
physics,الفيزياء
rare,نادر
spent,أنفق
performed,إجراء
extreme,أقصى
samples,عينات
davis,ديفيس
daniel,دانيال
bars,الحانات
reviewed,استعرض
row,صف
oz,أوز
forecast,تنبؤ بالمناخ
removed,إزالة
helps,يساعد
singles,الفردي
administrator,مدير
cycle,دورة
amounts,كميات
contain,يحتوي
accuracy,دقة
dual,مزدوج
rise,يعلو
usd,دولار أمريكي
sleep,ينام
mg,ملغ
bird,طائر
pharmacy,مقابل
brazil,البرازيل
creation,خلق
static,ثابتة
scene,مشهد
hunter,هنتر
addresses,عناوين
lady,سيدة
crystal,كريستال
famous,مشهور
writer,كاتب
chairman,رئيس
violence,عنف
fans,المشجعين
oklahoma,أوكلاهوما
speakers,مكبرات الصوت
drink,يشرب
academy,الأكاديمية
dynamic,متحرك
gender,جنس
eat,يأكل
permanent,دائم
agriculture,زراعة
dell,ديل
cleaning,تنظيف
constitutes,يشكل
portfolio,مَلَفّ
practical,عملي
delivered,تم التوصيل
collectibles,المقتنيات
infrastructure,بنية تحتية
exclusive,حصري
seat,مقعد
concerns,مخاوف
colour,لون
vendor,بائع
originally,في الأصل
intel,شركة انتل
utilities,خدمات
philosophy,فلسفة
regulation,أنظمة
officers,الضباط
reduction,تخفيض
aim,هدف
bids,عطاءات
referred,مشار إليه
supports,يدعم
nutrition,تَغذِيَة
recording,تسجيل
regions,المناطق
junior,مبتدئ
toll,رسوم
les,ليه
cape,رداء
ann,آن
rings,خواتم
meaning,معنى
tip,نصيحة
secondary,ثانوي
wonderful,رائع
mine,مِلكِي
ladies,سيداتي
henry,هنري
ticket,تذكرة
announced,أعلن
guess,يخمن
agreed,متفق
prevention,وقاية
whom,مَن
ski,تزلج
soccer,كرة القدم
math,الرياضيات
import,يستورد
posting,نشر
presence,حضور
instant,فوري
mentioned,مذكور
automatic,تلقائي
healthcare,الرعاىة الصحية
viewing,المعاينة
maintained,الحفاظ عليها
ch,الفصل
increasing,في ازدياد
majority,غالبية
connected,متصل
christ,السيد المسيح
dan,دان
dogs,الكلاب
sd,SD
directors,المديرون
aspects,وجوه
austria,النمسا
ahead,امام
moon,قمر
participation,مشاركة
scheme,مخطط
utility,جدوى
preview,معاينة
fly,يطير
manner,طريقة
matrix,مصفوفة
containing,تحتوي
combination,مزيج
devel,التطور
amendment,تعديل
despite,بالرغم من
strength,قوة
guaranteed,مضمون
turkey,ديك رومى
libraries,المكتبات
proper,سليم
distributed,وزعت
degrees,درجات
singapore,سنغافورة
enterprises,الشركات
delta,دلتا
fear,يخاف
seeking,السعي
inches,بوصات
phoenix,فينيكس
rs,روبية
convention,مؤتمر
shares,تشارك
principal,رئيسي
daughter,بنت
standing,الوقوف
voyeur,voyeur
comfort,راحة
colors,الألوان
wars,الحروب
cisco,سيسكو
ordering,ترتيب
kept,الاحتفاظ
alpha,ألفا
appeal,جاذبية
cruise,رحلة بحرية
bonus,علاوة
certification,شهادة
previously,سابقًا
hey,يا
bookmark,إشارة مرجعية
buildings,البنايات
specials,العروض الخاصة
beat,يهزم
disney,ديزني
household,أُسرَة
batteries,البطاريات
adobe,أدوبي
smoking,التدخين
bbc,بي بي سي
becomes,يصبح
drives,محركات الأقراص
arms,أسلحة
alabama,ألاباما
tea,شاي
improved,تحسن
trees,الأشجار
avg,متوسط
achieve,يحقق
positions,المواقف
dress,فستان
subscription,الاشتراك
dealer,تاجر
contemporary,معاصر
sky,سماء
utah,يوتا
nearby,مجاور
rom,ذاكرة للقراءة فقط
carried,حمل
happen,يحدث
exposure,التعرض
panasonic,باناسونيك
hide,يخفي
permalink,الرابط الثابت
signature,إمضاء
gambling,المقامرة
refer,يشير إلى
miller,ميلر
provision,رزق
outdoors,في الهواء الطلق
clothes,ملابس
caused,تسبب
luxury,رفاهية
babes,أطفال
frames,إطارات
viagra,الفياجرا
certainly,بالتأكيد
indeed,بالفعل
newspaper,جريدة
toy,لعبة
circuit,دائرة كهربائية
layer,طبقة
printed,مطبوعة
slow,بطيء
removal,إزالة
easier,أسهل
src,SRC
liability,مسئولية قانونية
trademark,علامة تجارية
hip,خاصرة
printers,الطابعات
faqs,الأسئلة الشائعة
nine,تسع
adding,مضيفا
kentucky,كنتاكي
mostly,خاصة
eric,إريك
spot,بقعة
taylor,تايلور
trackback,تتبع للوراء
prints,مطبوعات
spend,ينفق
factory,مصنع
interior,الداخلية
revised,مُراجع
grow,ينمو
americans,الأمريكيون
optical,بصري
promotion,ترقية
relative,نسبي
amazing,مدهش
clock,ساعة
dot,نقطة
hiv,فيروس العوز المناعي البشري
identity,هوية
suites,الأجنحة
conversion,تحويل
feeling,إحساس
hidden,مختفي
reasonable,معقول
victoria,فيكتوريا
serial,مسلسل
relief,اِرتِياح
revision,مراجعة
broadband,موجة عريضة
influence,تأثير
ratio,نسبة
pda,PDA
importance,أهمية
rain,مطر
onto,على
dsl,DSL
planet,كوكب
webmaster,مدير المواقع
copies,نسخ
recipe,وصفة
zum,زوم
permit,يسمح
seeing,رؤية
proof,دليل
dna,الحمض النووي
diff,فرق
tennis,تنس
bass,صوت عميق
prescription,روشتة
bedroom,غرفة نوم
empty,فارغ
instance,مثال
hole,فتحة
pets,حيوانات أليفة
ride,يركب
licensed,مرخص
orlando,أورلاندو
specifically,خاصة
tim,تيم
bureau,مكتب
maine,مين
sql,SQL
represent,يمثل
conservation,الحفاظ على
pair,زوج
ideal,مثالي
specs,المواصفات
recorded,مسجل
don,اِتَّشَح
pieces,قِطَع
finished,انتهى
parks,الحدائق
dinner,عشاء
lawyers,المحامون
sydney,سيدني
stress,ضغط
cream,كريم
ss,SS
runs,أشواط
trends,اتجاهات
yeah,نعم
discover,يكتشف
sexo,sexo
ap,AP
patterns,أنماط
boxes,مربعات
louisiana,لويزيانا
hills,تلال
javascript,جافا سكريبت
fourth,رابع
nm,نانومتر
advisor,مستشار
mn,MN
marketplace,المتجر
nd,اختصار الثاني
evil,شر
aware,واعي
wilson,ويلسون
shape,شكل
evolution,تطور
irish,الأيرلندية
certificates,الشهادات
objectives,أهداف
stations,المحطات
suggested,مقترح
gps,GPS
op,المرجع
remains,بقايا
acc,ACC
greatest,أعظم
firms,الشركات
concerned,قلقان
euro,اليورو
operator,المشغل أو العامل
structures,الهياكل
generic,نوعي
encyclopedia,موسوعة
usage,الاستخدام
cap,قبعة
ink,حبر
charts,الرسوم البيانية
continuing,استمرار
mixed,مختلط
census,التعداد
interracial,بين الأعراق
peak,قمة
tn,تينيسي
competitive,تنافسي
exist,يخرج
wheel,عجلة
transit,عبور
dick,قضيب
suppliers,الموردين
salt,ملح
compact,المدمج
poetry,شِعر
lights,أضواء
tracking,التتبع
angel,ملاك
bell,جرس
keeping,حفظ
preparation,تحضير
attempt,محاولة
receiving,يستلم
matches,اعواد الكبريت
accordance,توافق
width,عرض
noise,ضوضاء
engines,محركات
forget,ينسى
array,مجموعة مصفوفة
discussed,مناقشة
accurate,دقيق
stephen,ستيفن
elizabeth,إليزابيث
climate,مناخ
reservations,التحفظات
pin,دبوس
playstation,بلاي ستيشن
alcohol,الكحول
greek,اليونانية
instruction,تعليمات
managing,الإدارة
annotation,حاشية. ملاحظة
sister,أخت
raw,خام
differences,اختلافات
walking,المشي
explain,يشرح
smaller,الأصغر
newest,أحدث
establish,يٌرسّخ
gnu,جنو
happened,حدث
expressed,أعربت
jeff,جيف
extent,حد
sharp,حاد
lesbians,مثليات
ben,بن
lane,خط
paragraph,فقرة
kill,قتل
mathematics,الرياضيات
aol,AOL
compensation,تعويض
ce,م
export,يصدّر
managers,المديرون
aircraft,الطائرات
modules,الوحدات النمطية
sweden,السويد
conflict,صراع
conducted,أُجرِي
versions,الإصدارات
employer,صاحب العمل
occur,يحدث
percentage,نسبة مئوية
knows,يعرف
mississippi,ميسيسيبي
describe,يصف
concern,هَم
backup,دعم
requested,مطلوب
citizens,المواطنين
connecticut,كونيتيكت
heritage,إرث
personals,شخصيات
immediate,مباشر
holding,تحتجز
trouble,مشكلة
spread,الانتشار
coach,مدرب
kevin,كيفن
agricultural,الزراعة
expand,يوسع
supporting,دعم
audience,جمهور
assigned,مُكَلَّف
jordan,الأردن
collections,مجموعات
ages,الأعمار
participate,يشارك
plug,سدادة
specialist,متخصص
cook,يطبخ
affect,يؤثر
virgin,بِكر
experienced,ذوي الخبرة
investigation,تحقيق
raised,نشأ
hat,قبعة
institution,مؤسسة
directed,توجه
dealers,تجار - وكلاء
searching,يبحث
sporting,رياضي
helping,المساعدة
perl,بيرل
affected,متأثر
lib,ليب
bike,دراجة هوائية
totally,تماما
plate,طبق
expenses,نفقات
indicate,يشير
blonde,شقراء
ab,أب
proceedings,الإجراءات
favourite,مفضل
transmission,الانتقال
anderson,أندرسون
utc,التوقيت العالمي
characteristics,صفات
der,دير
lose,يخسر
organic,عضوي
seek,يطلب
experiences,خبرة
albums,ألبومات
cheats,الغش
extremely,لأقصى حد
verzeichnis,Verzeichnis
contracts,انكماش
guests,ضيوف
hosted,استضاف
diseases,الأمراض
concerning,بخصوص
developers,المطورين
equivalent,مقابل
chemistry,كيمياء
tony,توني
neighborhood,حيّ
nevada,نيفادا
kits,مجموعات
thailand,تايلاند
variables,المتغيرات
agenda,جدول أعمال
anyway,على أي حال
continues,متواصل
tracks,المسارات
advisory,استشاري
cam,كام
curriculum,مقرر
logic,منطق
template,نموذج
prince,أمير
circle,دائرة
soil,تربة
grants,منح
anywhere,في أى مكان
psychology,علم النفس
responses,استجابات
atlantic,المحيط الأطلسي
wet,مبتل
circumstances,ظروف
edward,إدوارد
investor,المستثمر
identification,تعريف
ram,كبش
leaving,مغادرة
wildlife,الحياة البرية
appliances,الأجهزة
matt,غير لامع
elementary,ابتدائي
cooking,طبخ
speaking,تكلم
sponsors,الرعاة
fox,الثعلب
unlimited,غير محدود
respond,يرد
sizes,الأحجام
plain,سهل
exit,مخرج
entered,دخلت
iran,إيران
arm,ذراع
keys,مفاتيح
launch,يطلق
wave,موجة
checking,تدقيق
costa,كوستا
belgium,بلجيكا
printable,قابل للطباعة
holy,مقدس
acts,أعمال
guidance,إرشاد
mesh,شبكة
trail,أثر
enforcement,إجباري
symbol,رمز
crafts,الحرف
highway,الطريق السريع
buddy,صاحب
hardcover,غلاف
observed,لاحظ
dean,عميد
setup,يثبت
poll,تصويت
booking,الحجز
glossary,قائمة المصطلحات
fiscal,المالية
celebrity,نجاح كبير
styles,أنماط
denver,دنفر
unix,يونيكس
filled,مملوء
bond,رابطة
channels,القنوات
ericsson,إريكسون
appendix,زائدة
notify,إخطار
blues,البلوز
chocolate,شوكولاتة
pub,حانة
portion,جزء
scope,نِطَاق
hampshire,هامبشاير
supplier,المورد
cables,الكابلات
cotton,القطن
bluetooth,بلوتوث
controlled,خاضع للسيطرة
requirement,متطلبات
authorities,سلطات
biology,مادة الاحياء
dental,طب الأسنان
killed,قتل
border,حدود
ancient,عتيق
debate,مناظرة
representatives,مندوب
starts,يبدأ
pregnancy,حمل
causes,أسباب
arkansas,أركنساس
biography,سيرة شخصية
leisure,فراغ
attractions,عوامل الجذب
learned,تعلمت
transactions,المعاملات
notebook,دفتر
explorer,المستكشف
historic,تاريخية
attached,مُرفَق
opened,افتتح
tm,TM
husband,زوج
disabled,عاجز
authorized,مخول
crazy,مجنون
upcoming,القادمة
britain,بريطانيا
concert,حفلة موسيقية
retirement,التقاعد
scores,درجات
financing,التمويل
efficiency,كفاءة
sp,sp
comedy,كوميديا
adopted,مُتَبنى
efficient,فعال
weblog,مدونة
linear,خطي
commitment,التزام
specialty,تخصص
bears,تتحمل
jean,جان
hop,قفزة
carrier,الناقل
edited,تحرير
constant,ثابت
visa,تأشيرة
mouth,فم
jewish,يهودي
meter,متر
linked,مرتبط
portland,بورتلاند
interviews,المقابلات
concepts,المفاهيم
nh,NH
gun,بندقية
reflect,يعكس
pure,نقي
deliver,يسلم
wonder,يتعجب
hell,جحيم
lessons,الدروس
fruit,فاكهة
begins,يبدأ
qualified,مؤهَل
reform,اعادة تشكيل
lens,عدسة
alerts,تنبيهات
treated,يعالج
discovery,اكتشاف
draw,يرسم
mysql,MySQL
classified,صنف
relating,المتعلقة
assume,يفترض
confidence,ثقة
alliance,تحالف
fm,FM
confirm,يتأكد
warm,دافيء
neither,لا
lewis,لويس
howard,هوارد
offline,غير متصل على الانترنت
leaves,أوراق
engineer,مهندس
lifestyle,نمط الحياة
consistent,ثابت
replace,يستبدل
clearance,تخليص
connections,روابط
inventory,جرد
converter,محول
suck,مص
organisation,منظمة
babe,فاتنة
checks,الفحوصات
reached,وصل
becoming,تصبح
blowjob,اللسان
safari,سفاري
objective,موضوعي
indicated,مبين
sugar,سكر
crew,طاقم
legs,أرجل
sam,سام
stick,يلزق
securities,ضمانات
allen,ألين
pdt,التوقيت الصيفى الباسيفيكى
relation,علاقة
enabled,تمكين
genre,النوع
slide,الانزلاق
montana,مونتانا
volunteer,متطوع
tested,تم اختباره
rear,مؤخرة
democratic,ديمقراطية
enhance,يحسن
switzerland,سويسرا
exact,بالضبط
bound,مرتبط ب
parameter,معامل
adapter,مشترك كهربائي
processor,المعالج
node,العقدة
formal,رَسمِيّ
dimensions,أبعاد
contribute,يساهم
lock,قفل
hockey,الهوكي
storm,عاصفة
micro,مجهري
colleges,الكليات
laptops,أجهزة الكمبيوتر المحمولة
mile,ميل
showed,أظهر
challenges,التحديات
editors,المحررين
mens,مِلك الرجال
threads,الخيوط
bowl,صَحن
supreme,أعلى فائق
brothers,الإخوة
recognition,تعرُّف
presents,هدايا
ref,المرجع
tank,خزان
submission,استسلام
dolls,دمى
estimate,تقدير
encourage,يشجع
navy,القوات البحرية
kid,طفل
regulatory,تنظيمي
inspection,تقتيش
consumers,المستهلكون
cancel,يلغي
limits,حدود
territory,إِقلِيم
transaction,عملية
manchester,مانشستر
weapons,أسلحة
paint,طلاء
delay,تأخير
pilot,طيار
outlet,مَنفَذ
contributions,مساهمات
continuous,مستمر
db,ديسيبل
czech,التشيكية
resulting,الناتج
cambridge,كامبريدج
initiative,مبادرة
novel,رواية
pan,مِقلاة
execution,تنفيذ
disability,عجز
increases,يزيد
ultra,فائقة
winner,الفائز
idaho,أيداهو
contractor,مقاول
ph,PH
episode,حلقة
examination,فحص
potter,بوتر
dish,طبق
plays,يلعب
bulletin,نشرة
ia,I ل
pt,حزب العمال
indicates,يشير
modify,يُعدِّل
oxford,أكسفورد
adam,آدم
truly,حقا
epinions,epinions
painting,تلوين
committed,ملتزم
extensive,شاسِع
affordable,بسعر معقول
universe,كون
candidate,مُرَشَّح
databases,قواعد بيانات
patent,براءة اختراع
slot,فتحة
psp,PSP
outstanding,متميز
ha,ها
eating,يتناول الطعام
perspective,وجهة نظر
planned,المخطط
watching,مشاهدة
lodge,النزل
messenger,رسول
mirror,مرآة
tournament,المسابقة
consideration,اعتبار
ds,DS
discounts,خصومات
sterling,الجنيه الاسترليني
sessions,جلسات
kernel,نواة
stocks,مخازن
buyers,المشترين
journals,المجلات
gray,رمادي
catalogue,فهرس
ea,EA
jennifer,جنيفر
antonio,أنطونيو
charged,متهم
broad,واسع
taiwan,تايوان
und,und
chosen,اختيار
demo,العرض التوضيحي
greece,اليونان
lg,LG
swiss,سويسري
sarah,ساره
clark,كلارك
labour,تَعَب
hate,يكره
terminal,صالة
publishers,الناشرين
nights,ليالي
behalf,نيابةً عن
caribbean,منطقة البحر الكاريبي
liquid,سائل
rice,أرز
nebraska,نبراسكا
loop,حلقة
salary,مرتب
reservation,حجز
foods,الأطعمة
gourmet,الذواقة
guard,يحمي
properly,على وجه صحيح
orleans,أورليانز
saving,إنقاذ
nfl,اتحاد كرة القدم الأميركي
remaining,متبقي
empire,إمبراطورية
resume,سيرة ذاتية
twenty,عشرين
newly,حديثا
raise,يرفع
prepare,يحضر
avatar,الصورة الرمزية
gary,غاري
depending,اعتمادا
illegal,غير قانوني
expansion,توسع
vary,يتغير
hundreds,المئات
rome,روما
arab,عرب
lincoln,لينكولن
helped,ساعد
premier,الرائدة
tomorrow,غداً
purchased,تم شراؤها
milk,لبن
decide,يقرر
consent,موافقة
drama,دراما
visiting,زيارة
performing,أداء
downtown,وسط البلد
keyboard,لوحة المفاتيح
contest,منافسة
collected,تم جمعها
nw,شمال غرب
bands,يربط
boot,حذاء طويل
suitable,مناسب
ff,وما يليها
absolutely,قطعاً
millions,ملايين
lunch,غداء
dildo,دسار
audit,مراجعة
push,يدفع
chamber,غرفة
guinea,غينيا
findings,الموجودات
muscle,عضلة
featuring,تتميز
iso,ISO
implement,ينفذ
clicking,النقر
scheduled,المقرر
polls,استطلاعات الرأي
typical,عادي
tower,برج
yours,خاصة بك
sum,مجموع
misc,متفرقات
calculator,آلة حاسبة
significantly,بشكل كبير
chicken,فرخة
temporary,مؤقت
attend,يحضر
shower,دش
alan,آلان
sending,إرسال
jason,جيسون
tonight,الليلة
dear,عزيزي
sufficient,كافٍ
holdem,هولدم
shell,صدَفَة
province,مقاطعة
catholic,كاثوليكي
oak,البلوط
vat,ضريبة القيمة المضافة
awareness,وعي
vancouver,فانكوفر
governor,محافظ حاكم
beer,جعة
seemed,بدت
contribution,مساهمة
measurement,قياس
swimming,سباحة
spyware,برامج التجسس
formula,معادلة
constitution,دستور
packaging,التغليف
solar,شمسي
jose,خوسيه
catch,يمسك
jane,جين
pakistan,باكستان
ps,ملاحظة
reliable,موثوق
consultation,التشاور
northwest,الشمال الغربي
sir,سيد
doubt,شك
earn,يكسب
finder,الباحث
unable,غير قادر
periods,فترات
classroom,قاعة الدراسة
tasks,مهام
democracy,ديمقراطية
attacks,الهجمات
kim,كيم
wallpaper,ورق الجدران
merchandise,بضائع
const,مقدار ثابت
resistance,مقاومة
doors,أبواب
symptoms,أعراض
resorts,المنتجعات
biggest,الأكبر
memorial,النصب التذكاري
visitor,زائر
twin,التوأم
forth,راب
insert,إدراج
baltimore,بالتيمور
gateway,بوابة
ky,كنت
dont,لا
alumni,الخريجين
drawing,رسم
candidates,مرشحين
charlotte,شارلوت
ordered,أمر
biological,بيولوجي
fighting,قتال
transition,انتقال
happens,يحدث
preferences,التفضيلات
spy,جاسوس
romance,رومانسي
instrument,أداة
bruce,بروس
split,ينقسم
themes,موضوعات
powers,القوى
heaven,سماء
br,BR
bits,أجزاء
pregnant,حامل
twice,مرتين
classification,تصنيف
focused,ركزت
egypt,مصر
physician,الطبيب المعالج
hollywood,هوليوود
bargain,مساومة
wikipedia,ويكيبيديا
cellular,الخلوية
norway,النرويج
vermont,فيرمونت
asking,يسأل
blocks,كتل
normally,عادة
lo,لو
spiritual,روحية
hunting,الصيد
diabetes,السكري
suit,بدلة
ml,مل
shift,يحول
chip,رقاقة
res,الدقة
sit,يجلس
bodies,جثث
photographs,صور فوتوغرافية
cutting,قطع
wow,رائع
simon,سيمون
writers,الكتاب
marks,علامات
flexible,مرن
loved,محبوب
favourites,المفضلة
mapping,رسم الخرائط
numerous,عديد
relatively,نسبياً
birds,الطيور
satisfaction,إشباع
represents,يمثل
indexed,مفهرسة
pittsburgh,بيتسبرغ
superior,أرقى
preferred,يفضل
saved,أنقذ
paying,دفع
cartoon,كرتون
shots,الطلقات
intellectual,مفكر
moore,مور
granted,ممنوح
choices,اختيارات
carbon,كربون
spending,الإنفاق
comfortable,مريح
magnetic,مغناطيسي
interaction,تفاعل
listening,الاستماع
effectively,على نحو فعال
registry,السجل
crisis,مصيبة
outlook,الآفاق
massive,جَسِيم
denmark,الدنمارك
employed,يعمل
bright,ساطع
treat,يعامل
header,رأس
cs,CS
poverty,فقر
formed,تشكلت
piano,بيانو
echo,صدى صوت
que,Que
grid,شبكة
sheets,أوراق
patrick,باتريك
experimental,تجريبي
puerto,بورتو
revolution,ثورة
consolidation,الدمج
displays,عروض
plasma,بلازما
allowing,السماح
earnings,الأرباح
voip,VoIP
mystery,أُحجِيَّة
landscape,منظر جمالي
dependent,متكل
mechanical,ميكانيكي
journey,رحلة
delaware,ديلاوير
bidding,مزايدة
consultants,الاستشاريون
risks,المخاطر
banner,لافتة
applicant,طالب وظيفة
charter,ميثاق
fig,تين
barbara,باربرا
cooperation,تعاون
counties,المقاطعات
acquisition,اكتساب
ports,الموانئ
implemented,مُنفّذ
sf,SF
directories,الدلائل
recognized,معروف
dreams,أحلام
blogger,مدَّوِن
notification,إشعار
kg,كلغ
licensing,الترخيص
stands,مواقف
teach,يعلم
occurred,حصل
textbooks,الكتب المدرسية
rapid,سريع
pull,يحذب
hairy,شعر
diversity,تنوع
cleveland,كليفلاند
ut,يوت
reverse,يعكس
deposit,إيداع
seminar,ندوة
investments,الاستثمارات
latina,لاتينا
nasa,ناسا
wheels,عجلات
sexcam,Sexcam
specify,حدد
accessibility,إمكانية الوصول
dutch,هولندي
sensitive,حساس
templates,قوالب
formats,تنسيقات
tab,فاتورة غير مدفوعة
depends,يعتمد على
boots,أحذية
holds,يحمل
router,جهاز التوجيه
concrete,أسمنت
si,سي
editing,التحرير
poland,بولندا
folder,مجلد
womens,للنساء
css,CSS
completion,انتهاء
upload,رفع
pulse,نبض
universities,الجامعات
technique,تقنية
contractors,المقاولون
voting,التصويت
courts,المحاكم
notices,إشعارات
subscriptions,الاشتراكات
calculate,حساب
mc,MC
detroit,ديترويت
alexander,ألكساندر
broadcast,إذاعة
converted,تحول
metro,المترو
toshiba,توشيبا
anniversary,عيد
improvements,تحسينات
strip,يجرد
specification,تخصيص
pearl,لؤلؤة
accident,حادثة
nick,نيك
accessible,يمكن الوصول
accessory,الملحق
resident,مقيم
plot,حبكة
qty,كتي
possibly,ربما
airline,شركة طيران
typically,عادة
representation,التمثيل
regard,اعتبار
pump,مضخة
exists,موجود
arrangements,ترتيبات
smooth,سلس
conferences,المؤتمرات
uniprotkb,uniprotkb
beastiality,الوحوش
strike,يضرب
consumption,استهلاك
birmingham,برمنغهام
flashing,وميض
lp,LP
narrow,ضيق
afternoon,بعد الظهر
threat,تهديد
surveys,الدراسات الاستقصائية
sitting,الجلوس
putting,وضع
consultant,مستشار
controller,مراقب
ownership,ملكية
committees,اللجان
penis,قضيب
legislative,تشريعي
researchers,الباحثون
vietnam,فيتنام
trailer,جَرَّار
anne,آن
castle,قلعة
gardens,حدائق
missed,مٌفتَقد
malaysia,ماليزيا
unsubscribe,إلغاء الاشتراك
antique,العتيقة
labels,تسميات
willing,راغب
bio,السيرة الذاتية
molecular,جزيئي
upskirt,upskirt
acting,التمثيل
heads,رؤساء
stored,مخزن
exam,امتحان
logos,الشعارات
residence,مسكن
attorneys,محامون
milfs,MILFS
antiques,التحف
density,كثافة
hundred,مائة
ryan,ريان
operators,العاملين
strange,غريب
sustainable,مستمر
philippines,فيلبيني
statistical,إحصائي
beds,أسرة
breasts,الثديين
mention,يذكر
innovation,ابتكار
pcs,أجهزة الكمبيوتر
employers,أرباب العمل
grey,رمادي
parallel,موازي
honda,هوندا
amended,معدل
operate,العمل
bills,فواتير
bold,عريض
bathroom,حمام
stable,مستقر
opera,الأوبرا
definitions,تعريفات
von,فون
doctors,الأطباء
lesson,درس
cinema,سينما
asset,أصل
ag,اي جي
scan,مسح
elections,انتخابات
drinking,الشرب
blowjobs,اللسان
reaction,رد فعل
blank,فارغ
enhanced, المحسن
entitled,مستحق
severe,شديد
generate,يولد
stainless,غير القابل للصدأ
newspapers,الصحف
hospitals,المستشفيات
vi,السادس
deluxe,ديلوكس
humor,مزاح
aged,مسن
monitors,شاشات
exception,استثناء
lived,يسكن
duration,مدة
bulk,حجم كبير
successfully,بنجاح
indonesia,إندونيسيا
pursuant,طبقا
sci,SCI
fabric,قماش
edt,بتوقيت شرق الولايات المتحدة
visits,زيارات
primarily,بالدرجة الأولى
tight,ضيق
domains,المجالات
capabilities,قدرات
pmid,بميد
contrast,مقابلة
recommendation,توصية
flying,الطيران
recruitment,توظيف
sin,الخطيئة
berlin,برلين
cute,لطيف
organized,منظم
ba,با
para,الفقرة
siemens,سيمنز
adoption,تبني
improving,تحسين
cr,سجل تجاري
expensive,غالي
meant,عنى
capture,يأسر
pounds,جنيه أو رطل للوزن
buffalo,الجاموس
organisations,المنظمات
plane,طائرة
pg,ص
explained,شرح
seed,بذرة
programmes,البرامج
desire,يرغب
expertise,خبرة
mechanism,آلية
camping,تخييم
ee,ee
jewellery,مجوهرات
meets,يجتمع
welfare,رعاية
peer,نظير
caught,أمسك
eventually,مؤخراً
marked,ملحوظ
driven,تحركها
measured,تقاس
medline,Medline
bottle,زجاجة
agreements,اتفاقات
considering,مع مراعاة
innovative,إبداعي
marshall,مارشال
massage,تدليك
rubber,ممحاة
conclusion,خاتمة
closing,إغلاق
tampa,تامبا
thousand,ألف
meat,لحمة
legend,أسطورة
grace,جمال
susan,سوزان
ing,عمل
ks,ks
adams,آدمز
python,بيثون
monster,وحش
alex,أليكس
bang,انفجار
villa,فيلا
bone,عظم
columns,الأعمدة
disorders,الاضطرابات
bugs,البق
collaboration,تعاون
hamilton,هاميلتون
detection,كشف
ftp,FTP
cookies,بسكويت
inner,داخلي
formation,تشكيل
tutorial,درس تعليمي
med,ميد
engineers,المهندسون
entity,كيان
cruises,رحلات بحرية
gate,بوابة
holder,مالك
proposals,اقتراحات
moderator,المشرف
sw,جنوب غرب
tutorials,دروس
settlement,مستعمرة
portugal,البرتغال
lawrence,لورانس
roman,روماني
duties,الواجبات
valuable,قيّم
erotic,شهواني
tone,نغمة
collectables,المجمعات
ethics,أخلاق مهنية
forever,للأبد
dragon,تنين
busy,مشغول
captain,قائد المنتخب
fantastic,رائع
imagine,يتصور
brings,يجلب
heating,التدفئة
leg,رجل
neck,رقبة
hd,عالية الدقة
wing,جناح
governments,الحكومات
purchasing,شراء
scripts,نصوص
abc,ABC
stereo,ستيريو
appointed,تعيين
taste,ذوق
dealing,التعامل
commit,يقترف
tiny,صغير الحجم
operational,التشغيل
rail,سكة حديدية
airlines,الخطوط الجوية
liberal,ليبرالية
livecam,كاميرا حية
jay,جاي
trips,رحلات
gap,فجوة
sides,الجانبين
tube,أنبوب
turns,المنعطفات
corresponding,مُتَجَانِس
descriptions,الأوصاف
cache,مخبأ
belt,حزام
jacket,السترة
determination,عزيمة
animation,الرسوم المتحركة
oracle,وحي
er,إيه
matthew,ماثيو
lease,إيجار
productions,المنتجات
aviation,طيران
hobbies,هوايات
proud,فخور
excess,إفراط
disaster,كارثة
console,وحدة التحكم
commands,الأوامر
jr,الابن
telecommunications,الاتصالات السلكية واللاسلكية
instructor,مدرب
giant,عملاق
achieved,حقق
injuries,الإصابات
shipped,شحنها
bestiality,البهيمية
seats,مقاعد
approaches,اقتراب
biz,بيز
alarm,إنذار
voltage,الجهد االكهربى
anthony,أنتوني
nintendo,نينتندو
usual,معتاد
loading,تحميل
stamps,طوابع بريدية
appeared,ظهر
franklin,فرانكلين
angle,زاوية
rob,روب
vinyl,فينيل
highlights,يسلط الضوء
mining,التعدين
designers,المصممون
melbourne,ملبورن
ongoing,جاري التنفيذ
worst,أسوأ
imaging,التصوير
betting,الرهان
scientists,العلماء
liberty,حرية
wyoming,وايومنغ
blackjack,بلاك جاك
argentina,الأرجنتين
era,حقبة
convert,يتحول
possibility,إمكانية
analyst,المحلل
commissioner,مفوض
dangerous,خطير
garage,كراج
exciting,مثير
reliability,مصداقية
thongs,ثونغ
gcc,مجلس التعاون الخليجي
unfortunately,للأسف
respectively,على التوالى
volunteers,المتطوعين
attachment,مرفق
ringtone,نغمة
finland,فنلندا
morgan,مورغان
derived,مشتق
pleasure,سرور
honor,شرف
asp,ASP
oriented,الموجهة
eagle,نسر
desktops,أجهزة الكمبيوتر المكتبية
pants,بنطال
columbus,كولومبوس
nurse,ممرضة
prayer,دعاء
appointment,ميعاد
workshops,ورش عمل
hurricane,اعصار
quiet,هادئ
luck,حظ
postage,رسوم البريد
producer,منتج
represented,ممثل
mortgages,القروض العقارية
dial,يتصل
responsibilities,المسؤوليات
cheese,جبنه
comic,رسوم متحركة
carefully,بحرص
jet,طائرة نفاثة
productivity,إنتاجية
investors,المستثمرون
crown,تاج
par,قدم المساواة
underground,تحت الأرض
diagnosis,تشخبص
maker,صانع
crack,كسر
principle,مبدأ
picks,مختارات
vacations,الإجازات
gang,عصابة
semester,نصف السنة
calculated,محسوب
cumshot,شاعر المليون
fetish,صنم
applies,ينطبق
casinos,الكازينوهات
appearance,مظهر
smoke,دخان
apache,أباتشي
filters,المرشحات
incorporated,إدماج
nv,NV
craft,حرفة
cake,كيك
notebooks,دفاتر الملاحظات
apart,منفصل
fellow,زميل
blind,أعمى
lounge,صالة
mad,مجنون
algorithm,خوارزمية
semi,نصف
coins,عملات معدنية
andy,آندي
gross,إجمالي
strongly,بقوة
cafe,كافيه
valentine,عيد الحب
hilton,هيلتون
ken,كين
proteins,البروتينات
horror,رعب
su,سو
exp,إكسب
familiar,مألوف
capable,قادر
douglas,دوغلاس
debian,ديبيان
till,حتى
involving,تنطوي
pen,قلم
investing,الاستثمار
christopher,كريستوفر
admission,قبول
epson,إبسون
shoe,حذاء
elected,انتخب
carrying,حمل
victory,فوز
sand,رمل
madison,ماديسون
terrorism,الإرهاب
joy,مرح
editions,الطبعات
cpu,وحدة المعالجة المركزية
mainly,خاصة
ethnic,عرقية
ran,جرى
parliament,البرلمان
actor,الممثل
finds,يجد
seal,ختم
situations,مواقف
fifth,الخامس
allocated,مخصص
citizen,مواطن
vertical,رَأسِيّ
corrections,التصحيحات
structural,الهيكلي
municipal,البلدية
describes,يصف
prize,جائزة
sr,ريال سعودى
occurs,يحدث
jon,جون
absolute,مطلق
disabilities,الإعاقات
consists,يتكون
anytime,في أي وقت
substance,مادة
prohibited,محظور
addressed,معالجة
lies,يكذب
pipe,يضخ
soldiers,الجنود
nr,ن
guardian,وصي
lecture,محاضرة
simulation,محاكاة
layout,تَخطِيط
initiatives,المبادرات
ill,سوف
concentration,تركيز
classics,الكلاسيكيات
lbs,رطل
lay,يضع
interpretation,تفسير
horses,خيل
lol,مضحك جداً
dirty,متسخ
deck,ظهر السفينة
wayne,واين
donate,يتبرع
taught,مُدَرّس
bankruptcy,إفلاس
mp,النائب
worker,عامل
optimization,تحسين
alive,على قيد الحياة
temple,معبد
substances,مواد
prove,يثبت
discovered,اكتشف
wings,أجنحة
breaks,فرامل
genetic,وراثي
restrictions,قيود
participating,مشاركة
waters,مياه
promise,يعد
thin,رفيع
exhibition,معرض
prefer,يفضل
ridge,حافة
cabinet,خزانة
modem,مودم
harris,هاريس
mph,ميل في الساعة
bringing,جلب
sick,مريض
dose,جرعة
evaluate,يقيم
tiffany,تيفاني
tropical,استوائية
collect,يجمع
bet,رهان
composition,تعبير
toyota,تويوتا
streets,الشوارع
nationwide,على مستوى البلاد
vector,المتجه
definitely,قطعاً
shaved,حلق
turning,تحول
buffer,متعادل
purple,أرجواني
existence,وجود
commentary,التعليق
larry,لاري
limousines,ليموزين
developments,التطورات
def,ديف
immigration,الهجرة
destinations,الأماكن
lets,دعونا
mutual,مشترك
pipeline,خط انابيب
necessarily,بالضرورة
syntax,بناء الجملة
li,لي
attribute,يصف
prison,سجن
skill,مهارة
chairs,كراسي جلوس
nl,NL
everyday,كل يوم
apparently,فيما يبدو
surrounding,المحيط
mountains,الجبال
moves,التحركات
popularity,شعبية
inquiry,سؤال
ethernet,إيثرنت
checked,التحقق
exhibit,يعرض
throw,يرمي
trend,اتجاه
sierra,سلسلة جبلية
visible,مرئي
cats,القطط
desert,صحراء
postposted,تأجيل
ya,يا
oldest,أقدم
rhode,رود
nba,الدوري الاميركي للمحترفين
busty,مفلس
coordinator,منسق
obviously,بوضوح
mercury,الزئبق
steven,ستيفن
handbook,كتيب
greg,جريج
navigate,التنقل
worse,أسوأ
summit,قمة
victims,الضحايا
epa,EPA
spaces,المساحات
fundamental,أساسي
burning,احتراق
escape,يهرب
coupons,كوبونات
somewhat,قليلا
receiver,المتلقي
substantial,جوهري
tr,tr
progressive,تدريجي
cialis,سياليس
bb,BB
boats,قوارب
glance,يلمح
scottish,اسكتلندي
championship,بطولة
arcade,ممر
richmond,ريتشموند
sacramento,سكرامنتو
impossible,مستحيل
ron,رون
russell,راسل
tells,يروي
obvious,بديهي
fiber,الفيبر
depression,اكتئاب
graph,رسم بياني
covering,تغطية
platinum,البلاتين
judgment,حكم
bedrooms,غرف نوم
talks,محادثات
filing,تقديم
foster,عزز
modeling,النمذجة
passing,المرور
awarded,منحت
testimonials,الشهادات - التوصيات
trials,المحاكمات
tissue,منديل
nz,نيوزيلندي
memorabilia,تذكارات
clinton,كلينتون
masters,سادة
bonds,سندات
cartridge,خرطوشة
alberta,ألبرتا
explanation,توضيح
folk,قوم
org,ORG
commons,المشاعات
cincinnati,سينسيناتي
subsection,القسم الفرعي
fraud,احتيال
electricity,كهرباء
permitted,مباح
spectrum,نطاق
arrival,وصول
okay,تمام
pottery,الفخار
emphasis,توكيد
roger,حاضر
aspect,وجه
workplace,مكان العمل
awesome,مذهل
mexican,مكسيكي
confirmed,مؤكد
counts,العد
priced,سعر
wallpapers,خلفيات
hist,هيست
crash,يتحطم
lift,يرفع
desired,مرغوب
inter,إنتر
closer,أقرب
assumes,يفترض
heights,مرتفعات
shadow,ظل
riding,يركب
infection,عدوى
firefox,ثعلب النار
lisa,ليزا
expense,مصروف
grove,بستان
eligibility,جدارة - أهلية
venture,يغامر
clinic,عيادة
korean,الكورية
healing,شفاء
princess,أميرة
mall,مجمع تجاري
entering,الدخول
packet,رزمة
spray,رذاذ
studios,الاستوديوهات
involvement,المشاركة
dad,أب
buttons,أزرار
placement,تحديد مستوى
observations,الملاحظات
vbulletin,vbulletin
funded,ممول
thompson,طومسون
winners,الفائزون
extend,يمتد
roads,الطرق
subsequent,تالي
pat,تربيتة
dublin,دبلن
rolling,المتداول
fell,يسقط
motorcycle,دراجة نارية
yard,حديقة منزل
disclosure,إفشاء
establishment,مؤسسة
memories,ذكريات
nelson,نيلسون
te,تي
arrived,وصل
creates,يخلق
faces,الوجوه
tourist,السياحة
cocks,الديوك
av,AV
mayor,عمدة
murder,قتل
sean,شون
adequate,مناسب
senator,السناتور
yield,أَثْمَر
presentations,العروض التقديمية
grades,درجات
cartoons,الرسوم الكاريكاتورية
pour,يصب
digest,استوعب
reg,ريج
lodging,إقامة
tion,نشوئها
dust,تراب
hence,لذلك
wiki,ويكي
entirely,تماما
replaced,استبدال
radar,رادار
rescue,ينقذ
undergraduate,المرحلة الجامعية
losses,خسائر
combat,قتال
reducing,تقليص
stopped,توقفت
occupation,إشغال
lakes,البحيرات
butt,بعقب
donations,التبرعات
associations,ذات الصلة
citysearch,CitySearch
closely,بعناية
radiation,إشعاع
diary,مذكرة
seriously,بجد
kings,الملوك
shooting,اطلاق الرصاص
kent,كينت
adds,يضيف
nsw,نيو ساوث ويلز
ear,أذن
flags,أعلام
pci,PCI
baker,خباز
launched,أطلقت
elsewhere,في مكان آخر
pollution,تلوث
conservative,محافظ
guestbook,دفتر الزوار
shock,صدمة
effectiveness,فعالية
walls,الجدران
abroad,في الخارج
ebony,خشب الأبنوس
tie,رَابِطَة
ward,جناح
drawn,مسحوب
arthur,آرثر
ian,إيان
visited,زار
roof,سَطح
walker,ووكر
demonstrate,يوضح
atmosphere,أَجواء
suggests,وتقترح
kiss,قبلة
beast,وحش
ra,ر
operated,تعمل
experiment,تجربة
targets,الأهداف
overseas,ما وراء البحار
purchases,المشتريات
dodge,يتملص
counsel,محامي
federation,الاتحاد
pizza,بيتزا
invited,مدعو
yards,ساحات
assignment,تكليف
chemicals,مواد كيميائية
gordon,جوردون
mod,عصري
farmers,المزارعون
rc,RC
queries,استفسارات
bmw,بي ام دبليو
rush,يسرع
ukraine,أوكرانيا
absence,غياب
nearest,الأقرب
cluster,تَجَمَّع
vendors,البائعون
mpeg,MPEG
whereas,بينما
yoga,اليوغا
serves,يخدم
woods,الغابة
surprise,مفاجأة
lamp,خروف
rico,ريكو
partial,جزئي
shoppers,المتسوقين
phil,فيل
everybody,الجميع
couples,الأزواج
nashville,ناشفيل
ranking,تصنيف
jokes,نكات
cst,CST
http,http
ceo,المدير التنفيذي
simpson,سيمبسون
twiki,تويكي
sublime,سامي
counseling,تقديم المشورة
palace,قصر
acceptable,مقبول
satisfied,راضي
glad,مسرور
wins,يفوز
measurements,قياسات
verify,يؤكد
globe,الكرة الأرضية
trusted,موثوق به
copper,نحاس
milwaukee,ميلووكي
rack,رف
medication,دواء
warehouse,مستودع
shareware,برامج مشاركة
ec,EC
rep,مندوب
dicke,ديك
kerry,كيري
receipt,إيصال
supposed,مفترض
ordinary,عادي
nobody,لا أحد
ghost,شبح
violation,انتهاك
configure,تهيئة
stability,استقرار
mit,معهد ماساتشوستس للتكنولوجيا
applying,التقديم
southwest,جنوب غرب
boss,رئيس
pride,فخر
institutional,المؤسسية
expectations,التوقعات
independence,استقلال
knowing,معرفة
reporter,مراسل
metabolism,الاسْتِقْلاب
keith,كيث
champion,بطل
cloudy,غائم
linda,ليندا
ross,روس
personally,شخصيا
chile,تشيلي
anna,آنا
plenty,كثير
solo,منفرد
sentence,جملة
throat,حُلقُوم
ignore,يتجاهل
maria,ماريا
uniform,زي مُوحد
excellence,تفوق
wealth,ثروة
tall,طويل
rm,RM
somewhere,مكان ما
vacuum,مكنسة
dancing,الرقص
attributes,صفات
recognize,يتعرف على
brass,نحاس
writes,يكتب
plaza,بلازا
pdas,PDA
outcomes,النتائج
survival,نجاة
quest,بحث
publish,ينشر
sri,سري
screening,تحري
toe,إصبع قدم
thumbnail,ظفري
trans,عبر
jonathan,جوناثان
whenever,حينما
nova,نوفا
lifetime,حياة
api,API
pioneer,رائد
booty,غنيمة
forgotten,نسي
acrobat,بهلوان
plates,لوحات
acres,فدان
venue,مكان
athletic,رياضي
thermal,حراري
essays,مقالات
behaviour,سلوك
vital,حيوي
telling,تقول
fairly,تماما
coastal,ساحلية
config,تكوين
cf,راجع
charity,صدقة
intelligent,ذكي
edinburgh,أدنبرة
vt,VT
excel,Excel
modes,أساليب
obligation,فرض
campbell,كامبل
wake,استيقظ
stupid,غبي
harbor,مرفأ
hungary,هنغاريا
traveler,المسافر
urw,URW
segment,شريحة
realize,يدرك
regardless,يغض النظر
lan,LAN
enemy,العدو
puzzle,لغز
rising,ارتفاع
aluminum,الألومنيوم
wells,آبار
wishlist,قائمة الرغبات
opens,يفتح
insight,بصيرة
sms,رسالة قصيرة
shit,القرف
restricted,مقيد
republican,جمهوري
secrets,أسرار
lucky,محظوظ
latter,أخير
merchants,التجار
thick,سميك
trailers,مقطورات
repeat,يكرر
syndrome,متلازمة
philips,فيليبس
attendance,حضور
penalty,جزاء
drum,طبل
glasses,نظارات
enables,تمكين
nec,NEC
iraqi,عراقي
builder,باني
vista,مشهد من خلال
jessica,جيسيكا
chips,رقائق
terry,تيري
flood,فيضان
foto,فوتو
ease,يُسَهّل
arguments,الحجج
amsterdam,أمستردام
orgy,العربدة
arena,الساحة
adventures,مغامرات
pupils,التلاميذ
stewart,ستيوارت
announcement,إعلان
tabs,نوافذ التبويب
outcome,حصيلة
xx,xx
appreciate,يُقَدِّر
expanded,موسع
casual,غير رسمي
grown,نابعة
polish,تلميع
lovely,محبوب
extras,إضافات
gm,جنرال موتورز
centres,المراكز
jerry,جيري
clause,بند
smile,يبتسم
lands,الأراضي
ri,ري
troops,القوات
indoor,داخلي
bulgaria,بلغاريا
armed,مسلح
broker,وسيط
charger,شاحن
regularly,بانتظام
believed,يعتقد
pine,صنوبر
cooling,تبريد
tend,ينزع
gulf,الخليج
rt,rt
rick,ريك
trucks,شاحنات
cp,CP
mechanisms,الآليات
divorce,الطلاق
laura,لورا
shopper,المتسوق
tokyo,طوكيو
partly,جزئيا
nikon,نيكون
customize,يعدل أو يكيف
tradition,التقليد
candy,حلويات
pills,حبوب
tiger,نمر
donald,دونالد
folks,يا قوم
sensor,المستشعر
exposed,مُعرض ل
telecom,الاتصالات
hunt,مطاردة
angels,الملائكة
deputy,نائب
indicators,المؤشرات
sealed,مختوم
thai,التايلاندية
emissions,الانبعاثات
physicians,الأطباء
loaded,محمل
fred,فريد
complaint,شكوى
scenes,مشاهد
experiments,التجارب
balls,كرات
afghanistan,أفغانستان
dd,DD
boost,يعزز
spanking,الردف
scholarship,منحة دراسية
governance,الحكم
mill,مطحنة
founded,تأسست
supplements,المكملات
chronic,مزمن
icons,أيقونات
tranny,ترانزيستور
moral,أخلاقي
den,عرين
catering,تقديم الطعام
aud,Aud
finger,اصبع اليد
keeps,يحتفظ
pound,جنيه
locate,حدد
camcorder,كاميرا الفيديو
pl,رر
trained,مدربة
burn,يحرق
implementing,تنفيذ
roses,ورود
labs,المختبرات
ourselves,أنفسنا
bread,خبز
tobacco,التبغ
wooden,خشبي
motors,المحركات
tough,قاسٍ
roberts,روبرتس
incident,حادثة
gonna,سوف أفعل
dynamics,الديناميات
lie,كذب
rf,الترددات اللاسلكية
conversation,محادثة
decrease,ينقص
cumshots,شاعر المليون
chest,صدر
pension,مَعاش
billy,بيلي
revenues,الإيرادات
emerging,المستجدة
worship,يعبد
bukkake,بوكيك
capability,الإمكانية
craig,كريج
herself,نفسها
producing,إنتاج
churches,الكنائس
precision,دقة
damages,أضرار
reserves,محميات
contributed,ساهم
solve,يحل
shorts,السراويل القصيرة
reproduction,التكاثر
minority,الأقلية
diverse,متنوع
amp,أمبير
ingredients,مكونات
johnny,جوني
sole,نعل
franchise,الامتياز التجاري
recorder,مسجل
complaints,شكاوي
facing,مواجهة
nancy,نانسي
promotions,الترقيات
tones,نغمات
passion,عاطفة
rehabilitation,إعادة تأهيل
maintaining,المحافظة
sight,رؤية
laid,وضع
clay,فخار
defence,دفاع
patches,بقع
weak,ضعيف
refund,استرداد
towns,المدن
environments,البيئات
trembl,تريبل
divided,مقسم
blvd,الجادة
reception,استقبال
wise,حكيم
emails,رسائل البريد الإلكتروني
cyprus,قبرص
odds,احتمال
correctly,بشكل صحيح
insider,من الداخل
seminars,حلقات دراسية
consequences,عواقب
makers,صناع
